point_id,point_name,onset_class,S0,S1,S2,S3,一级分类,二级分类,三级分类(详细模式),是否越级
AJ01,安吉安城,K,a,a,ɷ,u,合流型,单一合并,S0=S1,False
AJ01,安吉安城,M,a,u,u,u,合流型,多元合并,S1=S2=S3,False
AJ01,安吉安城,P,a,ɷ,u,u,合流型,单一合并,S2=S3,False
AJ01,安吉安城,TS,a,ɷ,ɷ,u,合流型,单一合并,S1=S2,False
AJ01,安吉安城,Ø,a,ɷ,u,u,合流型,单一合并,S2=S3,False
BL01,北仑城关,K,a,o,au,u,分立型,全不等,全对立,False
BL01,北仑城关,M,a,o,au,au,合流型,单一合并,S2=S3,False
BL01,北仑城关,P,a,o,au,u,分立型,全不等,全对立,False
BL01,北仑城关,TS,a,o,au,u,分立型,全不等,全对立,False
BL01,北仑城关,Ø,a,uo,au,u,分立型,全不等,全对立,False
BS01,宝山,K,ᴀ,ᴀ,u,u,合流型,多元合并,S0=S1，S2=S3,False
BS01,宝山,M,ᴀ,o,u,u,合流型,单一合并,S2=S3,False
BS01,宝山,P,ᴀ,o,u,u,合流型,单一合并,S2=S3,False
BS01,宝山,TS,ᴀ,o,u,u,合流型,单一合并,S2=S3,False
BS01,宝山,Ø,ᴀ,ia,u,u,合流型,单一合并,S2=S3,False
BZ01,堡镇,K,iɑ,ɑ,u,u,合流型,单一合并,S2=S3,False
BZ01,堡镇,M,ɑ,o,u,u,合流型,单一合并,S2=S3,False
BZ01,堡镇,P,ɑ,o,u,u,合流型,单一合并,S2=S3,False
BZ01,堡镇,TS,ɑ,o,u,u,合流型,单一合并,S2=S3,False
BZ01,堡镇,Ø,ɑ,o,u,u,合流型,单一合并,S2=S3,False
CM01,崇明城关,K,ɑ,ɑ,u,u,合流型,多元合并,S0=S1，S2=S3,False
CM01,崇明城关,M,ɑ,o,u,u,合流型,单一合并,S2=S3,False
CM01,崇明城关,P,ɑ,o,u,u,合流型,单一合并,S2=S3,False
CM01,崇明城关,TS,ɑ,o,u,u,合流型,单一合并,S2=S3,False
CM01,崇明城关,Ø,ɑ,o,u,u,合流型,单一合并,S2=S3,False
CS01,川沙浦东,K,ᴀ,ᴀ,u,u,合流型,多元合并,S0=S1，S2=S3,False
CS01,川沙浦东,M,ᴀ,o,u,u,合流型,单一合并,S2=S3,False
CS01,川沙浦东,P,ᴀ,o,u,u,合流型,单一合并,S2=S3,False
CS01,川沙浦东,TS,ᴀ,iɔ,u,u,合流型,单一合并,S2=S3,False
CS01,川沙浦东,Ø,ᴀ,ɔ,u,u,合流型,单一合并,S2=S3,False
CS02,常熟虞山镇,K,ᴀ,ᴀ,ɯ,u,合流型,单一合并,S0=S1,False
CS02,常熟虞山镇,M,ᴀ,u,u,u,合流型,多元合并,S1=S2=S3,False
CS02,常熟虞山镇,P,ᴀ,u,u,u,合流型,多元合并,S1=S2=S3,False
CS02,常熟虞山镇,TS,ᴀ,u,ɯ,ɯ,合流型,单一合并,S2=S3,False
CS02,常熟虞山镇,Ø,ᴀ,u,ɯ,u,合流型,单一合并,S1=S3 [越级],True
CX01,慈溪逍林,K,a,o,ou,u,分立型,全不等,全对立,False
CX01,慈溪逍林,M,a,o,ou,ou,合流型,单一合并,S2=S3,False
CX01,慈溪逍林,P,a,o,ou,u,分立型,全不等,全对立,False
CX01,慈溪逍林,TS,a,o,ou,ou,合流型,单一合并,S2=S3,False
CX01,慈溪逍林,Ø,a,o,ou,u,分立型,全不等,全对立,False
CX02,长兴,K,a,a,əu,əu,合流型,多元合并,S0=S1，S2=S3,False
CX02,长兴,M,a,o,o,o,合流型,多元合并,S1=S2=S3,False
CX02,长兴,P,a,o,u,u,合流型,单一合并,S2=S3,False
CX02,长兴,TS,a,o,əu,əu,合流型,单一合并,S2=S3,False
CX02,长兴,Ø,a,o,u,u,合流型,单一合并,S2=S3,False
CZ01,常州,K,a,ia,ɤɯ,u,分立型,全不等,全对立,False
CZ01,常州,M,a,o,ɤɯ,ɤɯ,合流型,单一合并,S2=S3,False
CZ01,常州,P,a,o,ɤɯ,u,分立型,全不等,全对立,False
CZ01,常州,TS,a,o,ɤɯ,ɥ,分立型,全不等,全对立,False
CZ01,常州,Ø,a,ia,ɤɯ,u,分立型,全不等,全对立,False
DB01,郎溪梅渚镇定埠,K,ᴇ,ɑ,ɷ,u,分立型,全不等,全对立,False
DB01,郎溪梅渚镇定埠,M,ᴇ,ɑ,ɷ,ɷ,合流型,单一合并,S2=S3,False
DB01,郎溪梅渚镇定埠,P,ᴇ,ɑ,ɷ,u,分立型,全不等,全对立,False
DB01,郎溪梅渚镇定埠,TS,ᴇ,ɑ,ɷ,ʮ,分立型,全不等,全对立,False
DB01,郎溪梅渚镇定埠,Ø,ᴇ,ɑ,ɷ,u,分立型,全不等,全对立,False
DQ01,德清乾元,K,a,a,u,u,合流型,多元合并,S0=S1，S2=S3,False
DQ01,德清乾元,M,a,ɔ,u,u,合流型,单一合并,S2=S3,False
DQ01,德清乾元,P,a,ɔ,u,u,合流型,单一合并,S2=S3,False
DQ01,德清乾元,TS,a,ɔ,u,u,合流型,单一合并,S2=S3,False
DQ01,德清乾元,Ø,a,ɔ,u,u,合流型,单一合并,S2=S3,False
DS01,岱山岱西镇,K,a,o,ɐu,u,分立型,全不等,全对立,False
DS01,岱山岱西镇,M,a,o,ɐu,ɐu,合流型,单一合并,S2=S3,False
DS01,岱山岱西镇,P,a,o,ɐu,u,分立型,全不等,全对立,False
DS01,岱山岱西镇,TS,a,o,ɐu,u,分立型,全不等,全对立,False
DS01,岱山岱西镇,Ø,a,o,ɐu,u,分立型,全不等,全对立,False
DY01,丹阳,K,ɑ,iɑ,ə,u,分立型,全不等,全对立,False
DY01,丹阳,M,ɑ,ɑ,ə,ə,合流型,多元合并,S0=S1，S2=S3,False
DY01,丹阳,P,ɑ,ɑ,ə,u,合流型,单一合并,S0=S1,False
DY01,丹阳,TS,ɑ,ɑ,ə,u,合流型,单一合并,S0=S1,False
DY01,丹阳,Ø,ɑ,iɑ,ə,u,分立型,全不等,全对立,False
FC01,奉城,K,ɑ,ɑ,u,u,合流型,多元合并,S0=S1，S2=S3,False
FC01,奉城,M,ɑ,o,o,o,合流型,多元合并,S1=S2=S3,False
FC01,奉城,P,ɑ,o,u,u,合流型,单一合并,S2=S3,False
FC01,奉城,TS,ɑ,o,u,u,合流型,单一合并,S2=S3,False
FC01,奉城,Ø,ɑ,ɔ,u,u,合流型,单一合并,S2=S3,False
FH01,奉化西坞,K,a,o,əu,u,分立型,全不等,全对立,False
FH01,奉化西坞,M,a,o,əu,əu,合流型,单一合并,S2=S3,False
FH01,奉化西坞,P,a,o,əu,u,分立型,全不等,全对立,False
FH01,奉化西坞,TS,a,o,əu,u,分立型,全不等,全对立,False
FH01,奉化西坞,Ø,a,o,əu,u,分立型,全不等,全对立,False
FJ01,枫泾镇,K,ᴀ,ᴀ,əu,əu,合流型,多元合并,S0=S1，S2=S3,False
FJ01,枫泾镇,M,ᴀ,o,u,u,合流型,单一合并,S2=S3,False
FJ01,枫泾镇,P,ᴀ,o,u,u,合流型,单一合并,S2=S3,False
FJ01,枫泾镇,TS,ᴀ,o,u,u,合流型,单一合并,S2=S3,False
FJ01,枫泾镇,Ø,ᴀ,o,u,u,合流型,单一合并,S2=S3,False
FX01,奉贤,K,iɑ,ɑ,u,u,合流型,单一合并,S2=S3,False
FX01,奉贤,M,ɑ,o,o,o,合流型,多元合并,S1=S2=S3,False
FX01,奉贤,P,ɑ,o,u,u,合流型,单一合并,S2=S3,False
FX01,奉贤,TS,ɑ,o,u,u,合流型,单一合并,S2=S3,False
FX01,奉贤,Ø,ɑ,iɑ,u,u,合流型,单一合并,S2=S3,False
FY01,富阳城关,K,a,o,ʊ,u,分立型,全不等,全对立,False
FY01,富阳城关,M,a,o,ʊ,ʊ,合流型,单一合并,S2=S3,False
FY01,富阳城关,P,a,o,u,u,合流型,单一合并,S2=S3,False
FY01,富阳城关,TS,a,o,ʊ,ʊ,合流型,单一合并,S2=S3,False
FY01,富阳城关,Ø,a,o,u,u,合流型,单一合并,S2=S3,False
FY02,富阳东梓关,K,a,uo,u,u,合流型,单一合并,S2=S3,False
FY02,富阳东梓关,M,a,uo,u,u,合流型,单一合并,S2=S3,False
FY02,富阳东梓关,P,a,uo,u,u,合流型,单一合并,S2=S3,False
FY02,富阳东梓关,TS,ia,uo,u,u,合流型,单一合并,S2=S3,False
FY02,富阳东梓关,Ø,a,uo,u,u,合流型,单一合并,S2=S3,False
GQ01,高桥,K,iᴀ,ᴀ,u,u,合流型,单一合并,S2=S3,False
GQ01,高桥,M,ᴀ,o,u,u,合流型,单一合并,S2=S3,False
GQ01,高桥,P,ᴀ,ᴀ,u,u,合流型,多元合并,S0=S1，S2=S3,False
GQ01,高桥,TS,ᴀ,o,u,u,合流型,单一合并,S2=S3,False
GQ01,高桥,Ø,ᴀ,o,u,u,合流型,单一合并,S2=S3,False
HM01,海门镇沙地话,K,ɑ,ɑ,u,u,合流型,多元合并,S0=S1，S2=S3,False
HM01,海门镇沙地话,M,ɑ,o,u,u,合流型,单一合并,S2=S3,False
HM01,海门镇沙地话,P,ɑ,o,u,u,合流型,单一合并,S2=S3,False
HM01,海门镇沙地话,TS,ɑ,o,u,u,合流型,单一合并,S2=S3,False
HM01,海门镇沙地话,Ø,ɑ,iɑ,u,u,合流型,单一合并,S2=S3,False
HM02,海门四甲,K,ɑ,iɑ,ɤ,ɯ,分立型,全不等,全对立,False
HM02,海门四甲,M,ɑ,o,ɤ,ɤ,合流型,单一合并,S2=S3,False
HM02,海门四甲,P,ɑ,o,ɤ,ɯ,分立型,全不等,全对立,False
HM02,海门四甲,TS,ɑ,yo,ɤ,ɯ,分立型,全不等,全对立,False
HM02,海门四甲,Ø,ɑ,ɯo,ɤ,ɯ,分立型,全不等,全对立,False
HN01,海宁城关,K,a,a,u,u,合流型,多元合并,S0=S1，S2=S3,False
HN01,海宁城关,M,a,o,u,u,合流型,单一合并,S2=S3,False
HN01,海宁城关,P,a,o,u,u,合流型,单一合并,S2=S3,False
HN01,海宁城关,TS,a,o,u,u,合流型,单一合并,S2=S3,False
HN01,海宁城关,Ø,a,o,u,u,合流型,单一合并,S2=S3,False
HY01,海盐县城,K,ɑ,ɑ,u,u,合流型,多元合并,S0=S1，S2=S3,False
HY01,海盐县城,M,ɑ,o,o,o,合流型,多元合并,S1=S2=S3,False
HY01,海盐县城,P,ɑ,o,u,u,合流型,单一合并,S2=S3,False
HY01,海盐县城,TS,ɑ,o,u,u,合流型,单一合并,S2=S3,False
HY01,海盐县城,Ø,ɑ,o,u,u,合流型,单一合并,S2=S3,False
HZ01,杭州城区,K,iɛ,ia,o,u,分立型,全不等,全对立,False
HZ01,杭州城区,M,ɛ,a,o,o,合流型,单一合并,S2=S3,False
HZ01,杭州城区,P,ɛ,a,o,u,分立型,全不等,全对立,False
HZ01,杭州城区,TS,ɛ,a,o,o,合流型,单一合并,S2=S3,False
HZ01,杭州城区,Ø,iɛ,ia,o,u,分立型,全不等,全对立,False
HZ02,湖州市区,K,a,a,əu,əu,合流型,多元合并,S0=S1，S2=S3,False
HZ02,湖州市区,M,a,ɷ,ɷ,u,合流型,单一合并,S1=S2,False
HZ02,湖州市区,P,a,ɷ,u,u,合流型,单一合并,S2=S3,False
HZ02,湖州市区,TS,a,ɷ,əu,əu,合流型,单一合并,S2=S3,False
HZ02,湖州市区,Ø,a,ɷ,u,əu,分立型,全不等,全对立,False
JD01,嘉定城关,K,ᴀ,ᴀ,u,u,合流型,多元合并,S0=S1，S2=S3,False
JD01,嘉定城关,M,ᴀ,o,u,u,合流型,单一合并,S2=S3,False
JD01,嘉定城关,P,ᴀ,o,u,u,合流型,单一合并,S2=S3,False
JD01,嘉定城关,TS,ᴀ,o,u,u,合流型,单一合并,S2=S3,False
JD01,嘉定城关,Ø,ᴀ,o,u,u,合流型,单一合并,S2=S3,False
JJ01,靖江城区,K,æ,iɑ,ʌɤ,u,分立型,全不等,全对立,False
JJ01,靖江城区,M,æ,o,ʌɤ,ʌɤ,合流型,单一合并,S2=S3,False
JJ01,靖江城区,P,æ,o,u,u,合流型,单一合并,S2=S3,False
JJ01,靖江城区,TS,æ,o,ʌɤ,u,分立型,全不等,全对立,False
JJ01,靖江城区,Ø,æ,o,ʌɤ,u,分立型,全不等,全对立,False
JS01,嘉善魏塘镇,K,a,a,u,u,合流型,多元合并,S0=S1，S2=S3,False
JS01,嘉善魏塘镇,M,a,o,u,u,合流型,单一合并,S2=S3,False
JS01,嘉善魏塘镇,P,a,o,u,u,合流型,单一合并,S2=S3,False
JS01,嘉善魏塘镇,TS,a,o,u,u,合流型,单一合并,S2=S3,False
JS01,嘉善魏塘镇,Ø,a,o,u,u,合流型,单一合并,S2=S3,False
JS02,金山,K,ᴀ,ᴀ,u,u,合流型,多元合并,S0=S1，S2=S3,False
JS02,金山,M,ᴀ,o,o,o,合流型,多元合并,S1=S2=S3,False
JS02,金山,P,ᴀ,o,u,u,合流型,单一合并,S2=S3,False
JS02,金山,TS,ᴀ,o,u,u,合流型,单一合并,S2=S3,False
JS02,金山,Ø,ᴀ,o,u,u,合流型,单一合并,S2=S3,False
JT01,金坛,K,ia,o,əu,u,分立型,全不等,全对立,False
JT01,金坛,M,a,o,əu,əu,合流型,单一合并,S2=S3,False
JT01,金坛,P,a,o,əu,u,分立型,全不等,全对立,False
JT01,金坛,TS,a,o,əu,u,分立型,全不等,全对立,False
JT01,金坛,Ø,iɛ,ia,əu,u,分立型,全不等,全对立,False
JW01,江湾,K,ɑ,ɑ,u,u,合流型,多元合并,S0=S1，S2=S3,False
JW01,江湾,M,ɑ,o,u,u,合流型,单一合并,S2=S3,False
JW01,江湾,P,ɑ,o,u,u,合流型,单一合并,S2=S3,False
JW01,江湾,TS,ɑ,o,u,u,合流型,单一合并,S2=S3,False
JW01,江湾,Ø,ɑ,o,u,u,合流型,单一合并,S2=S3,False
JX01,嘉兴城区,K,ɑ,ɑ,u,u,合流型,多元合并,S0=S1，S2=S3,False
JX01,嘉兴城区,M,ɑ,o,u,u,合流型,单一合并,S2=S3,False
JX01,嘉兴城区,P,ɑ,o,u,u,合流型,单一合并,S2=S3,False
JX01,嘉兴城区,TS,ɑ,o,u,u,合流型,单一合并,S2=S3,False
JX01,嘉兴城区,Ø,ɑ,o,u,u,合流型,单一合并,S2=S3,False
JY01,江阴城区澄江镇,K,æ,a,əɯ,u,分立型,全不等,全对立,False
JY01,江阴城区澄江镇,M,æ,o,əɯ,əɯ,合流型,单一合并,S2=S3,False
JY01,江阴城区澄江镇,P,æ,o,u,u,合流型,单一合并,S2=S3,False
JY01,江阴城区澄江镇,TS,æ,o,əɯ,əɯ,合流型,单一合并,S2=S3,False
JY01,江阴城区澄江镇,Ø,æ,o,əɯ,u,分立型,全不等,全对立,False
KQ01,柯桥城关,K,a,o,o,u,合流型,单一合并,S1=S2,False
KQ01,柯桥城关,M,a,o,o,u,合流型,单一合并,S1=S2,False
KQ01,柯桥城关,P,a,o,o,u,合流型,单一合并,S1=S2,False
KQ01,柯桥城关,TS,a,o,o,u,合流型,单一合并,S1=S2,False
KQ01,柯桥城关,Ø,a,o,o,u,合流型,单一合并,S1=S2,False
KS01,昆山市区玉山镇,K,a,a,əu,əu,合流型,多元合并,S0=S1，S2=S3,False
KS01,昆山市区玉山镇,M,a,o,o,o,合流型,多元合并,S1=S2=S3,False
KS01,昆山市区玉山镇,P,a,o,u,u,合流型,单一合并,S2=S3,False
KS01,昆山市区玉山镇,TS,a,o,əu,əu,合流型,单一合并,S2=S3,False
KS01,昆山市区玉山镇,Ø,a,o,əu,əu,合流型,单一合并,S2=S3,False
LA01,临安城区,K,a,o,o,u,合流型,单一合并,S1=S2,False
LA01,临安城区,M,a,o,o,o,合流型,多元合并,S1=S2=S3,False
LA01,临安城区,P,a,o,o,u,合流型,单一合并,S1=S2,False
LA01,临安城区,TS,a,o,o,u,合流型,单一合并,S1=S2,False
LA01,临安城区,Ø,a,o,o,u,合流型,单一合并,S1=S2,False
LP01,临平五杭,K,a,a,u,u,合流型,多元合并,S0=S1，S2=S3,False
LP01,临平五杭,M,a,o,u,u,合流型,单一合并,S2=S3,False
LP01,临平五杭,P,a,o,u,u,合流型,单一合并,S2=S3,False
LP01,临平五杭,TS,a,uo,u,u,合流型,单一合并,S2=S3,False
LP01,临平五杭,Ø,a,uo,u,u,合流型,单一合并,S2=S3,False
LT01,练塘,K,a,a,u,u,合流型,多元合并,S0=S1，S2=S3,False
LT01,练塘,M,a,o,u,u,合流型,单一合并,S2=S3,False
LT01,练塘,P,a,o,u,u,合流型,单一合并,S2=S3,False
LT01,练塘,TS,a,o,u,u,合流型,单一合并,S2=S3,False
LT01,练塘,Ø,a,o,u,u,合流型,单一合并,S2=S3,False
LY01,溧阳,K,ᴀ,o,ʌɯ,u,分立型,全不等,全对立,False
LY01,溧阳,M,ᴀ,o,ʌɯ,ʌɯ,合流型,单一合并,S2=S3,False
LY01,溧阳,P,ᴀ,o,ʌɯ,u,分立型,全不等,全对立,False
LY01,溧阳,TS,ᴀ,o,ʌɯ,u,分立型,全不等,全对立,False
LY01,溧阳,Ø,ᴀ,o,ʌɯ,u,分立型,全不等,全对立,False
MH01,闵行,K,a,a,u,u,合流型,多元合并,S0=S1，S2=S3,False
MH01,闵行,M,a,o,o,o,合流型,多元合并,S1=S2=S3,False
MH01,闵行,P,a,o,u,u,合流型,单一合并,S2=S3,False
MH01,闵行,TS,a,o,u,u,合流型,单一合并,S2=S3,False
MH01,闵行,Ø,a,ɔ,u,u,合流型,单一合并,S2=S3,False
NB01,宁波市区,K,a,o,əu,u,分立型,全不等,全对立,False
NB01,宁波市区,M,a,o,əu,əu,合流型,单一合并,S2=S3,False
NB01,宁波市区,P,a,o,əu,u,分立型,全不等,全对立,False
NB01,宁波市区,TS,a,o,əu,u,分立型,全不等,全对立,False
NB01,宁波市区,Ø,a,o,əu,u,分立型,全不等,全对立,False
NH01,南汇惠南镇,K,ia,a,u,u,合流型,单一合并,S2=S3,False
NH01,南汇惠南镇,M,a,o,u,u,合流型,单一合并,S2=S3,False
NH01,南汇惠南镇,P,a,o,u,u,合流型,单一合并,S2=S3,False
NH01,南汇惠南镇,TS,a,o,u,u,合流型,单一合并,S2=S3,False
NH01,南汇惠南镇,Ø,a,o,u,u,合流型,单一合并,S2=S3,False
NT01,南通金沙镇,K,æ,uo,ɤɯ,u,分立型,全不等,全对立,False
NT01,南通金沙镇,M,æ,o,ɤɯ,u,分立型,全不等,全对立,False
NT01,南通金沙镇,P,æ,o,ɤɯ,u,分立型,全不等,全对立,False
NT01,南通金沙镇,TS,æ,o,ɤɯ,u,分立型,全不等,全对立,False
NT01,南通金沙镇,Ø,æ,uo,ɤɯ,u,分立型,全不等,全对立,False
PB01,彭埠镇,K,a,o,o,u,合流型,单一合并,S1=S2,False
PB01,彭埠镇,M,a,o,o,o,合流型,多元合并,S1=S2=S3,False
PB01,彭埠镇,P,a,o,o,u,合流型,单一合并,S1=S2,False
PB01,彭埠镇,TS,a,o,o,u,合流型,单一合并,S1=S2,False
PB01,彭埠镇,Ø,a,o,o,u,合流型,单一合并,S1=S2,False
PH01,平湖城关,K,a,a,u,u,合流型,多元合并,S0=S1，S2=S3,False
PH01,平湖城关,M,a,o,o,o,合流型,多元合并,S1=S2=S3,False
PH01,平湖城关,P,a,o,u,u,合流型,单一合并,S2=S3,False
PH01,平湖城关,TS,a,o,u,u,合流型,单一合并,S2=S3,False
PH01,平湖城关,Ø,a,o,u,u,合流型,单一合并,S2=S3,False
QD01,启东吕四,K,a,yo,ɤ,u,分立型,全不等,全对立,False
QD01,启东吕四,M,a,ɤ,ɤ,ɤ,合流型,多元合并,S1=S2=S3,False
QD01,启东吕四,P,a,ɤ,ɤ,u,合流型,单一合并,S1=S2,False
QD01,启东吕四,TS,a,yo,ɤ,u,分立型,全不等,全对立,False
QD01,启东吕四,Ø,a,o,ɤ,u,分立型,全不等,全对立,False
QP01,青浦商榻,K,ɒ,ɒ,əu,əu,合流型,多元合并,S0=S1，S2=S3,False
QP01,青浦商榻,M,ɒ,ʊ,ʊ,ʊ,合流型,多元合并,S1=S2=S3,False
QP01,青浦商榻,P,ɒ,ʊ,u,u,合流型,单一合并,S2=S3,False
QP01,青浦商榻,TS,ɒ,ʊ,əu,əu,合流型,单一合并,S2=S3,False
QP01,青浦商榻,Ø,ɒ,ʊ,u,u,合流型,单一合并,S2=S3,False
SH01,上海市区,K,ᴀ,ᴀ,u,u,合流型,多元合并,S0=S1，S2=S3,False
SH01,上海市区,M,ᴀ,o,u,u,合流型,单一合并,S2=S3,False
SH01,上海市区,P,ᴀ,o,u,u,合流型,单一合并,S2=S3,False
SH01,上海市区,TS,ᴀ,o,u,u,合流型,单一合并,S2=S3,False
SH01,上海市区,Ø,ᴀ,o,u,u,合流型,单一合并,S2=S3,False
SJ01,松江镇,K,ɑ,ɑ,u,u,合流型,多元合并,S0=S1，S2=S3,False
SJ01,松江镇,M,ɑ,o,o,o,合流型,多元合并,S1=S2=S3,False
SJ01,松江镇,P,ɑ,o,u,u,合流型,单一合并,S2=S3,False
SJ01,松江镇,TS,ɑ,o,u,u,合流型,单一合并,S2=S3,False
SJ01,松江镇,Ø,ɑ,iɑ,u,u,合流型,单一合并,S2=S3,False
SJ02,泗泾,K,ɑ,ɑ,əu,əu,合流型,多元合并,S0=S1，S2=S3,False
SJ02,泗泾,M,ɑ,o,u,o,合流型,单一合并,S1=S3 [越级],True
SJ02,泗泾,P,ɑ,o,u,u,合流型,单一合并,S2=S3,False
SJ02,泗泾,TS,ɑ,o,u,u,合流型,单一合并,S2=S3,False
SJ02,泗泾,Ø,ɑ,o,u,u,合流型,单一合并,S2=S3,False
SL01,三林,K,ᴀ,ᴀ,u,u,合流型,多元合并,S0=S1，S2=S3,False
SL01,三林,M,ᴀ,o,u,u,合流型,单一合并,S2=S3,False
SL01,三林,P,ᴀ,o,u,u,合流型,单一合并,S2=S3,False
SL01,三林,TS,ᴀ,iɔ,u,u,合流型,单一合并,S2=S3,False
SL01,三林,Ø,ᴀ,ɔ,u,u,合流型,单一合并,S2=S3,False
SX01,绍兴城区东头埭,K,a,o,o,u,合流型,单一合并,S1=S2,False
SX01,绍兴城区东头埭,M,a,o,o,u,合流型,单一合并,S1=S2,False
SX01,绍兴城区东头埭,P,a,o,o,u,合流型,单一合并,S1=S2,False
SX01,绍兴城区东头埭,TS,a,o,o,u,合流型,单一合并,S1=S2,False
SX01,绍兴城区东头埭,Ø,a,o,o,u,合流型,单一合并,S1=S2,False
SY02,上虞百官镇,K,ɐ,o,o,u,合流型,单一合并,S1=S2,False
SY02,上虞百官镇,M,ɐ,o,o,u,合流型,单一合并,S1=S2,False
SY02,上虞百官镇,P,ɐ,o,o,u,合流型,单一合并,S1=S2,False
SY02,上虞百官镇,TS,ɐ,o,o,y,合流型,单一合并,S1=S2,False
SY02,上虞百官镇,Ø,ɐ,o,o,u,合流型,单一合并,S1=S2,False
SZ01,苏州城区,K,ɑ,ɑ,əu,əu,合流型,多元合并,S0=S1，S2=S3,False
SZ01,苏州城区,M,ɑ,o,o,o,合流型,多元合并,S1=S2=S3,False
SZ01,苏州城区,P,ɑ,o,v,v,合流型,单一合并,S2=S3,False
SZ01,苏州城区,TS,ɑ,o,əu,əu,合流型,单一合并,S2=S3,False
SZ01,苏州城区,Ø,ɑ,o,əu,əu,合流型,单一合并,S2=S3,False
SZ02,嵊州长乐,K,a,ɔ,o,u,分立型,全不等,全对立,False
SZ02,嵊州长乐,M,a,ɔ,o,o,合流型,单一合并,S2=S3,False
SZ02,嵊州长乐,P,a,ɔ,o,u,分立型,全不等,全对立,False
SZ02,嵊州长乐,TS,a,ɔ,ɔ,u,合流型,单一合并,S1=S2,False
SZ02,嵊州长乐,Ø,a,ɔ,o,u,分立型,全不等,全对立,False
SZ03,嵊州崇仁镇,K,a,ɤ,ɤ,u,合流型,单一合并,S1=S2,False
SZ03,嵊州崇仁镇,M,a,ɤ,ɤ,u,合流型,单一合并,S1=S2,False
SZ03,嵊州崇仁镇,P,a,ɤ,ɤ,u,合流型,单一合并,S1=S2,False
SZ03,嵊州崇仁镇,TS,a,ɤ,ɤ,u,合流型,单一合并,S1=S2,False
SZ03,嵊州崇仁镇,Ø,a,ɤ,ɤ,u,合流型,单一合并,S1=S2,False
TC01,太仓沙溪,K,a,a,əu,əu,合流型,多元合并,S0=S1，S2=S3,False
TC01,太仓沙溪,M,a,o,o,o,合流型,多元合并,S1=S2=S3,False
TC01,太仓沙溪,P,a,o,u,u,合流型,单一合并,S2=S3,False
TC01,太仓沙溪,TS,a,o,əu,əu,合流型,单一合并,S2=S3,False
TC01,太仓沙溪,Ø,a,o,u,u,合流型,单一合并,S2=S3,False
TC02,太仓城厢,K,a,a,əu,əu,合流型,多元合并,S0=S1，S2=S3,False
TC02,太仓城厢,M,a,o,o,o,合流型,多元合并,S1=S2=S3,False
TC02,太仓城厢,P,a,o,u,u,合流型,单一合并,S2=S3,False
TC02,太仓城厢,TS,a,o,əu,əu,合流型,单一合并,S2=S3,False
TC02,太仓城厢,Ø,a,o,u,u,合流型,单一合并,S2=S3,False
TL01,桐庐镇,K,a,uo,u,u,合流型,单一合并,S2=S3,False
TL01,桐庐镇,M,a,uo,u,u,合流型,单一合并,S2=S3,False
TL01,桐庐镇,P,a,uo,u,u,合流型,单一合并,S2=S3,False
TL01,桐庐镇,TS,a,yo,u,u,合流型,单一合并,S2=S3,False
TL01,桐庐镇,Ø,a,uo,u,u,合流型,单一合并,S2=S3,False
TX01,桐乡城区,K,a,a,u,u,合流型,多元合并,S0=S1，S2=S3,False
TX01,桐乡城区,M,a,a,o,o,合流型,多元合并,S0=S1，S2=S3,False
TX01,桐乡城区,P,a,o,u,u,合流型,单一合并,S2=S3,False
TX01,桐乡城区,TS,a,o,u,u,合流型,单一合并,S2=S3,False
TX01,桐乡城区,Ø,a,o,u,u,合流型,单一合并,S2=S3,False
WJ01,吴江市松陵,K,ɔ,ɔ,əu,əu,合流型,多元合并,S0=S1，S2=S3,False
WJ01,吴江市松陵,M,ɔ,o,o,o,合流型,多元合并,S1=S2=S3,False
WJ01,吴江市松陵,P,ɔ,o,u,u,合流型,单一合并,S2=S3,False
WJ01,吴江市松陵,TS,ɔ,o,əu,əu,合流型,单一合并,S2=S3,False
WJ01,吴江市松陵,Ø,ɔ,o,u,u,合流型,单一合并,S2=S3,False
WJ02,吴江芦墟,K,ɔ,ɔ,əu,əu,合流型,多元合并,S0=S1，S2=S3,False
WJ02,吴江芦墟,M,ɔ,o,o,o,合流型,多元合并,S1=S2=S3,False
WJ02,吴江芦墟,P,ɔ,o,u,u,合流型,单一合并,S2=S3,False
WJ02,吴江芦墟,TS,ɔ,o,əu,əu,合流型,单一合并,S2=S3,False
WJ02,吴江芦墟,Ø,ɔ,o,u,u,合流型,单一合并,S2=S3,False
WX01,无锡城区,K,a,a,əɯ,u,合流型,单一合并,S0=S1,False
WX01,无锡城区,M,a,u,əɯ,əɯ,合流型,单一合并,S2=S3,False
WX01,无锡城区,P,a,u,əɯ,əɯ,合流型,单一合并,S2=S3,False
WX01,无锡城区,TS,a,əɯ,əɯ,əɯ,合流型,多元合并,S1=S2=S3,False
WX01,无锡城区,Ø,a,u,əɯ,u,合流型,单一合并,S1=S3 [越级],True
WX02,吴县光福镇,K,a,a,əu,əu,合流型,多元合并,S0=S1，S2=S3,False
WX02,吴县光福镇,M,a,o,o,o,合流型,多元合并,S1=S2=S3,False
WX02,吴县光福镇,P,a,o,u,u,合流型,单一合并,S2=S3,False
WX02,吴县光福镇,TS,a,o,əu,əu,合流型,单一合并,S2=S3,False
WX02,吴县光福镇,Ø,a,o,əu,əu,合流型,单一合并,S2=S3,False
XC01,新昌城关,K,a,o̞,o,u,分立型,全不等,全对立,False
XC01,新昌城关,M,a,o̞,o,o,合流型,单一合并,S2=S3,False
XC01,新昌城关,P,a,o̞,o,u,分立型,全不等,全对立,False
XC01,新昌城关,TS,a,o̞,o,u,分立型,全不等,全对立,False
XC01,新昌城关,Ø,a,o̞,o,u,分立型,全不等,全对立,False
XD01,新登下港,K,a,o,u,u,合流型,单一合并,S2=S3,False
XD01,新登下港,M,a,o,u,u,合流型,单一合并,S2=S3,False
XD01,新登下港,P,a,o,u,u,合流型,单一合并,S2=S3,False
XD01,新登下港,TS,ia,yo,u,u,合流型,单一合并,S2=S3,False
XD01,新登下港,Ø,a,o,u,u,合流型,单一合并,S2=S3,False
XH02,萧山城厢,K,a,o,o,u,合流型,单一合并,S1=S2,False
XH02,萧山城厢,M,a,o,o,o,合流型,多元合并,S1=S2=S3,False
XH02,萧山城厢,P,a,o,o,u,合流型,单一合并,S1=S2,False
XH02,萧山城厢,TS,a,o,o,u,合流型,单一合并,S1=S2,False
XH02,萧山城厢,Ø,a,o,o,u,合流型,单一合并,S1=S2,False
XS01,象山丹城,K,a,o,o,u,合流型,单一合并,S1=S2,False
XS01,象山丹城,M,a,o,o,o,合流型,多元合并,S1=S2=S3,False
XS01,象山丹城,P,a,o,o,u,合流型,单一合并,S1=S2,False
XS01,象山丹城,TS,a,o,o,u,合流型,单一合并,S1=S2,False
XS01,象山丹城,Ø,a,o,o,u,合流型,单一合并,S1=S2,False
XS03,萧山南阳镇,K,a,o,o,u,合流型,单一合并,S1=S2,False
XS03,萧山南阳镇,M,a,o,o,o,合流型,多元合并,S1=S2=S3,False
XS03,萧山南阳镇,P,a,o,o,u,合流型,单一合并,S1=S2,False
XS03,萧山南阳镇,TS,a,o,o,u,合流型,单一合并,S1=S2,False
XS03,萧山南阳镇,Ø,a,o,o,u,合流型,单一合并,S1=S2,False
XZ01,莘庄,K,ᴀ,ᴀ,u,u,合流型,多元合并,S0=S1，S2=S3,False
XZ01,莘庄,M,ᴀ,o,o,o,合流型,多元合并,S1=S2=S3,False
XZ01,莘庄,P,ᴀ,o,u,u,合流型,单一合并,S2=S3,False
XZ01,莘庄,TS,ᴀ,o,u,u,合流型,单一合并,S2=S3,False
XZ01,莘庄,Ø,ᴀ,iᴀ,u,u,合流型,单一合并,S2=S3,False
YQ01,於潜,K,a,ia,u,u,合流型,单一合并,S2=S3,False
YQ01,於潜,M,a,uo,u,u,合流型,单一合并,S2=S3,False
YQ01,於潜,P,a,uo,u,u,合流型,单一合并,S2=S3,False
YQ01,於潜,TS,a,uo,u,u,合流型,单一合并,S2=S3,False
YQ01,於潜,Ø,a,uo,u,u,合流型,单一合并,S2=S3,False
YX01,宜兴,K,ia,o,ɷ,u,分立型,全不等,全对立,False
YX01,宜兴,M,a,o,au,ɷ,分立型,全不等,全对立,False
YX01,宜兴,P,a,o,au,u,分立型,全不等,全对立,False
YX01,宜兴,TS,a,o,ɷ,u,分立型,全不等,全对立,False
YX01,宜兴,Ø,ia,o,ɷ,u,分立型,全不等,全对立,False
YX02,鄞县中区,K,a,o,əu,u,分立型,全不等,全对立,False
YX02,鄞县中区,M,a,o,əu,əu,合流型,单一合并,S2=S3,False
YX02,鄞县中区,P,a,o,əu,u,分立型,全不等,全对立,False
YX02,鄞县中区,TS,a,o,əu,u,分立型,全不等,全对立,False
YX02,鄞县中区,Ø,a,o,əu,u,分立型,全不等,全对立,False
YY01,余姚城关,K,a,o,ou,u,分立型,全不等,全对立,False
YY01,余姚城关,M,a,o,ou,ou,合流型,单一合并,S2=S3,False
YY01,余姚城关,P,a,o,ou,u,分立型,全不等,全对立,False
YY01,余姚城关,TS,a,o,ou,ɥ,分立型,全不等,全对立,False
YY01,余姚城关,Ø,a,o,ou,u,分立型,全不等,全对立,False
ZJ01,诸暨城关,K,a,o,ɔi,u,分立型,全不等,全对立,False
ZJ01,诸暨城关,M,a,o,ɔi,ɔi,合流型,单一合并,S2=S3,False
ZJ01,诸暨城关,P,a,o,ɔi,u,分立型,全不等,全对立,False
ZJ01,诸暨城关,TS,a,o,ɔi,u,分立型,全不等,全对立,False
ZJ01,诸暨城关,Ø,a,o,ɔi,u,分立型,全不等,全对立,False
ZJ02,诸暨璜山镇,K,a,ʊ,ɤɯ,u,分立型,全不等,全对立,False
ZJ02,诸暨璜山镇,M,a,ʊ,ɤɯ,ɤɯ,合流型,单一合并,S2=S3,False
ZJ02,诸暨璜山镇,P,a,ʊ,ɤɯ,u,分立型,全不等,全对立,False
ZJ02,诸暨璜山镇,TS,a,ʊ,ɤɯ,u,分立型,全不等,全对立,False
ZJ02,诸暨璜山镇,Ø,a,ʊ,ɤɯ,u,分立型,全不等,全对立,False
ZJ03,诸暨直埠镇,K,a,o,ou,u,分立型,全不等,全对立,False
ZJ03,诸暨直埠镇,M,a,o,ou,u,分立型,全不等,全对立,False
ZJ03,诸暨直埠镇,P,a,o,ou,u,分立型,全不等,全对立,False
ZJ03,诸暨直埠镇,TS,a,o,ou,u,分立型,全不等,全对立,False
ZJ03,诸暨直埠镇,Ø,a,o,ou,u,分立型,全不等,全对立,False
ZP01,周浦,K,ᴀ,ᴀ,u,u,合流型,多元合并,S0=S1，S2=S3,False
ZP01,周浦,M,ᴀ,o,u,u,合流型,单一合并,S2=S3,False
ZP01,周浦,P,ᴀ,o,u,u,合流型,单一合并,S2=S3,False
ZP01,周浦,TS,ᴀ,iɔ,u,u,合流型,单一合并,S2=S3,False
ZP01,周浦,Ø,ᴀ,ɔ,u,u,合流型,单一合并,S2=S3,False
ZR01,真如,K,iᴀ,ᴀ,u,u,合流型,单一合并,S2=S3,False
ZR01,真如,M,ᴀ,o,u,u,合流型,单一合并,S2=S3,False
ZR01,真如,P,ᴀ,o,u,u,合流型,单一合并,S2=S3,False
ZR01,真如,TS,ᴀ,o,u,u,合流型,单一合并,S2=S3,False
ZR01,真如,Ø,ᴀ,ɔ,u,u,合流型,单一合并,S2=S3,False
ZS01,舟山定海,K,a,o,au,u,分立型,全不等,全对立,False
ZS01,舟山定海,M,a,o,au,au,合流型,单一合并,S2=S3,False
ZS01,舟山定海,P,a,o,au,u,分立型,全不等,全对立,False
ZS01,舟山定海,TS,a,o,au,u,分立型,全不等,全对立,False
ZS01,舟山定海,Ø,a,o,au,u,分立型,全不等,全对立,False
