point_id,point_name,unique_vowel_count,token_vowel_count,unique_vowel_set,slot_coverage,S0_slot_unique_vowel_count,S1_slot_unique_vowel_count,S2_slot_unique_vowel_count,S3_slot_unique_vowel_count,S0_slot_token_vowel_count,S1_slot_token_vowel_count,S2_slot_token_vowel_count,S3_slot_token_vowel_count,subbranch,lat,lon
CX01,慈溪逍林,8,295,"a, e, i, ia, o, ou, u, ø","S0,S1,S2,S3",6,4,4,2,44,68,81,102,太湖片-临绍小片,30.176553474815535,121.32252733323982
FY01,富阳城关,8,326,"a, i, ia, o, u, ua, y, ʊ","S0,S1,S2,S3",3,3,8,2,42,68,98,118,太湖片-临绍小片,30.016640485311385,119.98190231282108
FY02,富阳东梓关,7,298,"a, i, ia, o, u, uo, ɔ","S0,S1,S2,S3",4,3,6,1,43,64,83,108,太湖片-临绍小片,29.888746645740536,119.82322508571217
KQ01,柯桥城关,8,361,"a, e, ia, io, o, u, y, ɒ","S0,S1,S2,S3",4,4,4,4,51,76,106,128,太湖片-临绍小片,29.748521349147794,120.55618144462922
LA01,临安城区,4,312,"a, ia, o, u","S0,S1,S2,S3",3,3,3,2,46,66,82,118,太湖片-临绍小片,30.23315912669765,119.72499020110224
SX01,绍兴城区东头埭,9,389,"a, ia, ie, iia, io, o, u, y, ɒ","S0,S1,S2,S3",6,3,5,3,50,76,118,145,太湖片-临绍小片,29.993518344339964,120.58871374901304
SY02,上虞百官镇,7,318,"iɐ, o, u, uo, y, ɐ, ᴇ","S0,S1,S2,S3",4,3,6,3,45,62,94,117,太湖片-临绍小片,30.03284284378913,120.86882647540976
SZ02,嵊州长乐,9,320,"a, i, ia, iɔ, iᴇ, o, u, ɔ, ᴇ","S0,S1,S2,S3",6,3,4,2,42,63,99,116,太湖片-临绍小片,29.462161931063488,120.6134354682932
SZ03,嵊州崇仁镇,4,318,"a, e, u, ɤ","S0,S1,S2,S3",2,2,2,1,42,64,96,116,太湖片-临绍小片,29.597058890479932,120.71305579108136
TL01,桐庐镇,8,298,"a, i, ia, u, uo, y, yo, ɔ","S0,S1,S2,S3",5,5,6,1,43,63,84,108,太湖片-临绍小片,29.7884967854026,119.68688228167676
XC01,新昌城关,5,282,"a, ia, o, o̞, u","S0,S1,S2,S3",3,4,5,2,40,58,84,100,太湖片-临绍小片,29.51218962718775,120.90152839470582
XD01,新登下港,10,334,"a, ai, ia, ie, o, u, ua, y, yo, ɔ","S0,S1,S2,S3",6,5,6,1,46,71,101,116,太湖片-临绍小片,30.05504419208193,119.70643910381924
XH02,萧山城厢,6,322,"a, e, ia, io, o, u","S0,S1,S2,S3",4,4,4,2,45,72,89,116,太湖片-临绍小片,30.184673237617087,120.26218610190767
XS03,萧山南阳镇,4,274,"a, ia, o, u","S0,S1,S2,S3",2,3,2,2,30,63,76,105,太湖片-临绍小片,30.264074721662567,120.44397314596198
YQ01,於潜,5,318,"a, ia, o, u, uo","S0,S1,S2,S3",3,3,3,1,36,74,90,118,太湖片-临绍小片,30.187905243932583,119.39323745469882
YY01,余姚城关,8,334,"a, ia, io, o, ou, u, y, ɥ","S0,S1,S2,S3",2,4,4,4,46,75,96,117,太湖片-临绍小片,30.03828439897687,121.15542443185122
ZJ01,诸暨城关,7,270,"a, ia, io, o, u, y, ɔi","S0,S1,S2,S3",3,5,6,2,35,65,82,88,太湖片-临绍小片,29.7117133107683,120.24004681294583
ZJ02,诸暨璜山镇,8,316,"a, ia, ie, iʊ, u, y, ɤɯ, ʊ","S0,S1,S2,S3",5,4,5,2,44,68,83,121,太湖片-临绍小片,29.571826761282235,120.33308245398152
ZJ03,诸暨直埠镇,5,228,"a, ia, o, ou, u","S0,S1,S2,S3",3,3,4,3,29,48,60,91,太湖片-临绍小片,29.830264930206425,120.2501858189284
HZ01,杭州城区,6,281,"a, i, ia, o, u, y","S0,S1,S2,S3",3,2,5,2,23,66,82,110,太湖片-杭州小片,30.28706827929675,120.1526233988192
PB01,彭埠镇,5,269,"a, ia, o, u, ø","S0,S1,S2,S3",3,3,4,2,28,53,81,107,太湖片-杭州小片,30.289632692039433,120.22871521662924
CZ01,常州,10,322,"a, aɤ, ia, io, o, u, æi, ɔ, ɤɯ, ɥ","S0,S1,S2,S3",4,3,5,5,42,69,99,112,太湖片-毗陵小片,31.817299970768328,119.98167946067193
DB01,郎溪梅渚镇定埠,9,304,"a, iɑ, u, uɤɪ, ɑ, ə, ɷ, ʮ, ᴇ","S0,S1,S2,S3",3,2,5,3,40,70,80,114,太湖片-毗陵小片,31.26422864475738,119.21214886627472
DY01,丹阳,8,258,"ie, iɑ, u, yɑ, æ, ɑ, ɔ, ə","S0,S1,S2,S3",4,2,6,2,29,19,96,114,太湖片-毗陵小片,32.00504378566424,119.60890125492249
HM02,海门四甲,8,343,"i, iɑ, o, yo, ɑ, ɤ, ɯ, ɯo","S0,S1,S2,S3",3,5,4,2,36,70,116,121,太湖片-毗陵小片,32.01135207980153,121.27357135188068
JJ01,靖江城区,7,182,"iæ, iɑ, o, u, æ, ɑ, ʌɤ","S0,S1,S2,S3",5,3,5,2,35,32,63,52,太湖片-毗陵小片,32.014549490723574,120.27535869012826
JT01,金坛,10,365,"a, ao, i, ia, o, u, y, ɔ, ə, əu","S0,S1,S2,S3",4,4,7,4,52,80,110,123,太湖片-毗陵小片,31.722801327048952,119.59665998366492
JY01,江阴城区澄江镇,8,341,"a, ia, io, o, u, æ, ɒ, əɯ","S0,S1,S2,S3",3,3,7,2,43,71,106,121,太湖片-毗陵小片,31.91856501026851,120.28546180941228
LY01,溧阳,8,179,"ie, io, iɑ, o, u, ɔ, ʌɯ, ᴀ","S0,S1,S2,S3",4,4,5,2,34,36,60,49,太湖片-毗陵小片,31.434264738248665,119.49640303729689
NT01,南通金沙镇,8,182,"iɑ, o, u, uo, yæ, æ, ɑ, ɤɯ","S0,S1,S2,S3",2,4,4,2,26,37,60,59,太湖片-毗陵小片,32.07952490070315,121.0797065725066
QD01,启东吕四,7,313,"a, ia, o, u, y, yo, ɤ","S0,S1,S2,S3",3,5,5,2,38,67,93,115,太湖片-毗陵小片,32.07521449652023,121.6031682403422
YX01,宜兴,7,320,"a, au, ia, io, o, u, ɷ","S0,S1,S2,S3",3,3,4,4,40,71,93,116,太湖片-毗陵小片,31.34176176690364,119.82862754717812
BL01,北仑城关,8,325,"a, au, e, ia, o, u, uo, øy","S0,S1,S2,S3",3,5,5,2,47,68,100,110,太湖片-甬江小片,29.89811926756077,121.8555161345704
DS01,岱山岱西镇,10,328,"a, e, ia, iᴇ, o, u, ɐu, ɔ, ɵ, ᴇ","S0,S1,S2,S3",6,5,6,2,45,70,91,122,太湖片-甬江小片,30.291651438527133,122.12280037007493
FH01,奉化西坞,8,284,"a, i, ia, ie, o, u, y, əu","S0,S1,S2,S3",5,3,5,3,38,57,83,106,太湖片-甬江小片,29.680714793011017,121.49111464156624
NB01,宁波市区,9,295,"a, ia, ie, o, u, uo, yo, ø, əu","S0,S1,S2,S3",4,5,7,2,42,67,88,98,太湖片-甬江小片,29.882641254266098,121.55751200020596
XS01,象山丹城,5,329,"a, ia, o, u, y","S0,S1,S2,S3",3,3,5,2,41,70,93,125,太湖片-甬江小片,29.47877399078279,121.8761040477852
YX02,鄞县中区,6,311,"a, ia, ie, o, u, əu","S0,S1,S2,S3",4,3,3,2,42,63,91,115,太湖片-甬江小片,29.816552546783488,121.54599962737127
ZS01,舟山定海,7,343,"a, au, i, ia, o, u, y","S0,S1,S2,S3",3,3,7,2,43,76,99,125,太湖片-甬江小片,30.021127079101433,122.11093332969364
BS01,宝山,8,288,"ia, iᴀ, iᴇ, o, u, y, ᴀ, ᴇ","S0,S1,S2,S3",5,4,3,1,41,60,77,110,太湖片-苏沪嘉小片,31.40789362562556,121.4823088278808
BZ01,堡镇,7,249,"i, iɑ, o, u, uo, ɑ, ɔ","S0,S1,S2,S3",3,5,3,1,34,53,67,95,太湖片-苏沪嘉小片,31.53717747015217,121.61845579374194
CM01,崇明城关,8,328,"i, iɑ, o, u, uo, æ, ɑ, ɔ","S0,S1,S2,S3",4,5,5,2,45,68,96,119,太湖片-苏沪嘉小片,31.62502137629809,121.39837364780428
CS01,川沙浦东,9,319,"i, iu, iɔ, iᴀ, o, u, ɔ, ɤ, ᴀ","S0,S1,S2,S3",4,5,5,2,44,64,94,117,太湖片-苏沪嘉小片,31.47225912217096,121.36572899634233
CS02,常熟虞山镇,8,274,"i, io, iɯ, iᴀ, u, y, ɯ, ᴀ","S0,S1,S2,S3",3,3,7,2,32,63,86,93,太湖片-苏沪嘉小片,31.591588596011817,120.71950098393457
FC01,奉城,7,249,"i, iɑ, o, u, ɑ, ɔ, ɯ","S0,S1,S2,S3",3,4,6,2,35,53,66,95,太湖片-苏沪嘉小片,30.9091313735184,121.6571711938398
FJ01,枫泾镇,8,258,"iu, iᴀ, o, u, ɔ, əu, ɤ, ᴀ","S0,S1,S2,S3",3,4,6,3,38,62,64,94,太湖片-苏沪嘉小片,30.94686047887636,121.06526585497572
FX01,奉贤,10,297,"e, i, iu, iɑ, o, u, y, ɑ, ɔ, ɯ","S0,S1,S2,S3",5,4,8,2,40,72,76,109,太湖片-苏沪嘉小片,30.91897527897765,121.472539149005
GQ01,高桥,6,246,"e, iᴀ, o, u, ɔ, ᴀ","S0,S1,S2,S3",4,4,3,2,34,52,65,95,太湖片-苏沪嘉小片,31.339124303388612,121.58040748222272
HM01,海门镇沙地话,6,317,"i, iɑ, o, u, uo, ɑ","S0,S1,S2,S3",4,4,3,1,44,66,90,117,太湖片-苏沪嘉小片,31.8856763941394,121.15836100693876
HN01,海宁城关,5,266,"a, i, ia, o, u","S0,S1,S2,S3",4,3,3,2,35,63,63,105,太湖片-苏沪嘉小片,30.51747651962801,120.67311840279037
HY01,海盐县城,8,296,"e, i, iɑ, o, u, ɑ, ə, ɤ","S0,S1,S2,S3",4,4,4,3,44,60,85,107,太湖片-苏沪嘉小片,30.52484608182146,120.943411857842
JD01,嘉定城关,8,329,"iu, iᴀ, iᴇ, o, u, ø, ᴀ, ᴇ","S0,S1,S2,S3",5,5,4,2,46,75,92,116,太湖片-苏沪嘉小片,31.375152300679105,121.2715824755144
JS01,嘉善魏塘镇,10,339,"a, i, ia, iø, iɪ, o, u, ɔ, ɤ, ᴇ","S0,S1,S2,S3",4,4,6,2,50,75,96,118,太湖片-苏沪嘉小片,30.85581735072176,120.89532033139976
JS02,金山,9,292,"i, iu, iᴀ, o, u, ɑ, ɔ, ɤ, ᴀ","S0,S1,S2,S3",4,5,7,2,41,66,75,110,太湖片-苏沪嘉小片,30.819522049912862,121.0509678474497
JW01,江湾,6,247,"iɑ, o, u, ɑ, ɔ, ᴀ","S0,S1,S2,S3",4,5,2,2,34,53,65,95,太湖片-苏沪嘉小片,31.305220787427928,121.47329399018194
JX01,嘉兴城区,6,267,"e, iɑ, o, u, yɤə, ɑ","S0,S1,S2,S3",3,3,4,1,39,58,64,106,太湖片-苏沪嘉小片,30.759566738914614,120.77338166132184
KS01,昆山市区玉山镇,7,310,"a, ia, o, u, ua, yø, əu","S0,S1,S2,S3",3,3,6,3,40,62,92,116,太湖片-苏沪嘉小片,31.41100143999111,120.95099221326376
LT01,练塘,5,248,"a, ia, o, u, ɔ","S0,S1,S2,S3",3,3,4,2,35,53,65,95,太湖片-苏沪嘉小片,30.999904855821395,121.05239704753826
MH01,闵行,8,261,"a, ia, o, u, y, ɑ, ɔ, ɤ","S0,S1,S2,S3",3,5,4,2,34,52,69,106,太湖片-苏沪嘉小片,31.028221,121.447195
NH01,南汇惠南镇,6,289,"a, ia, iu, o, u, ɔ","S0,S1,S2,S3",3,4,5,2,36,65,82,106,太湖片-苏沪嘉小片,31.05000952690444,121.74745427694488
PH01,平湖城关,4,279,"a, ia, o, u","S0,S1,S2,S3",1,3,3,2,35,61,80,103,太湖片-苏沪嘉小片,30.692613873607865,121.01118052674214
QP01,青浦商榻,8,315,"iø, iɒ, iəu, u, ɐ, ɒ, əu, ʊ","S0,S1,S2,S3",3,3,6,4,41,69,92,113,太湖片-苏沪嘉小片,31.11800487430921,120.91982736628508
SH01,上海市区,8,381,"i, iᴀ, iᴇ, o, u, ɔ, ᴀ, ᴇ","S0,S1,S2,S3",5,3,4,3,49,80,119,133,太湖片-苏沪嘉小片,31.245251317000687,121.47209312541509
SJ01,松江镇,8,373,"e, i, iu, iɑ, o, u, ɑ, ɔ","S0,S1,S2,S3",5,5,5,3,49,85,111,128,太湖片-苏沪嘉小片,31.036008868377273,121.22465745683684
SJ02,泗泾,6,250,"i, iɑ, o, u, ɑ, əu","S0,S1,S2,S3",3,3,4,3,36,53,66,95,太湖片-苏沪嘉小片,31.118775274975683,121.27114807482758
SL01,三林,8,249,"e, iɔ, iᴀ, o, u, ɔ, ɤ, ᴀ","S0,S1,S2,S3",4,5,4,2,36,53,65,95,太湖片-苏沪嘉小片,31.14556367853321,121.50266996292858
SZ01,苏州城区,10,354,"i, io, iɑ, o, uᴇ, v, ɑ, əu, ɪ, ᴇ","S0,S1,S2,S3",6,4,6,3,52,78,105,119,太湖片-苏沪嘉小片,31.29881005567972,120.5842465949506
TC01,太仓沙溪,9,365,"a, i, ia, iɔ, iɪ, o, u, ɔ, əu","S0,S1,S2,S3",4,3,7,4,46,82,109,128,太湖片-苏沪嘉小片,31.55669694801828,121.07694150440597
TC02,太仓城厢,8,366,"a, ia, io, o, u, ui, əu, ᴇ","S0,S1,S2,S3",4,3,6,3,39,87,111,129,太湖片-苏沪嘉小片,31.457113404346295,121.11208518322822
TX01,桐乡城区,5,240,"a, i, ia, o, u","S0,S1,S2,S3",4,3,3,2,37,52,69,82,太湖片-苏沪嘉小片,30.62837635390344,120.55967958073325
WJ01,吴江市松陵,9,288,"a, io, iɔ, o, u, ɔ, əu, ɪ, ᴇ","S0,S1,S2,S3",5,4,7,3,43,64,77,104,太湖片-苏沪嘉小片,31.151716675903405,120.64901016522084
WJ02,吴江芦墟,6,231,"i, iɔ, o, u, ɔ, əu","S0,S1,S2,S3",2,3,5,3,32,50,62,87,太湖片-苏沪嘉小片,31.009803453390855,120.83681736613912
WX01,无锡城区,7,343,"a, ia, u, yə, yʊ, əɯ, ʌ","S0,S1,S2,S3",2,4,6,3,46,77,98,122,太湖片-苏沪嘉小片,31.5672385460996,120.3044028357254
WX02,吴县光福镇,7,323,"a, ia, io, o, u, æ, əu","S0,S1,S2,S3",3,5,5,3,40,70,97,116,太湖片-苏沪嘉小片,31.283712541086764,120.39250256018134
XZ01,莘庄,8,256,"e, iu, iᴀ, o, u, ɔ, ɤ, ᴀ","S0,S1,S2,S3",4,4,5,2,39,57,65,95,太湖片-苏沪嘉小片,31.124822322270933,121.36994323180724
ZP01,周浦,8,249,"e, iɔ, iᴀ, o, u, ɔ, ɤ, ᴀ","S0,S1,S2,S3",4,5,4,2,36,53,65,95,太湖片-苏沪嘉小片,31.115354843880898,121.57500604757446
ZR01,真如,5,248,"iᴀ, o, u, ɔ, ᴀ","S0,S1,S2,S3",3,4,2,2,35,53,65,95,太湖片-苏沪嘉小片,31.25725388552751,121.40120261716866
AJ01,安吉安城,7,303,"a, e, i, ia, u, ɔ, ɷ","S0,S1,S2,S3",3,4,5,3,42,74,96,91,太湖片-苕溪小片,30.71501207030173,119.69403152449726
CX02,长兴,5,240,"a, ia, o, u, əu","S0,S1,S2,S3",3,3,4,3,39,57,59,85,太湖片-苕溪小片,31.015985667983664,119.92556298117788
DQ01,德清乾元,7,322,"a, i, ia, o, u, ɔ, ᴇ","S0,S1,S2,S3",4,4,6,2,44,71,100,107,太湖片-苕溪小片,30.41128187027115,120.3066753297041
HZ02,湖州市区,6,287,"a, e, ia, u, əu, ɷ","S0,S1,S2,S3",3,3,5,3,39,61,79,108,太湖片-苕溪小片,30.902792630239233,120.085631081529
LP01,临平五杭,7,302,"a, i, ia, o, u, uo, y","S0,S1,S2,S3",4,4,6,1,43,64,83,112,太湖片-苕溪小片,30.494257613,120.253757428
