point_id,point_name,rhyme_modern,rhyme_phonetic_set
AJ01,安吉安城,佳,"a, aʔ, ia, ɷ"
AJ01,安吉安城,戈,"a, u, ɷ"
AJ01,安吉安城,模,"u, ɔ, ɷ"
AJ01,安吉安城,歌,"a, e, u, ɷ"
AJ01,安吉安城,皆,"a, aʔ, ia"
AJ01,安吉安城,麻,"a, ia, u, ɷ"
BL01,北仑城关,佳,"a, e, ia"
BL01,北仑城关,戈,"au, o, øy"
BL01,北仑城关,模,"au, u, ŋ"
BL01,北仑城关,歌,"a, au, o"
BL01,北仑城关,皆,"a, e, ɛ"
BL01,北仑城关,麻,"a, ia, o, uo, øy"
BS01,宝山,佳,"iᴀ, o, ᴀ"
BS01,宝山,戈,u
BS01,宝山,模,u
BS01,宝山,歌,"u, ᴀ"
BS01,宝山,皆,"iᴇ, ᴀ, ᴇ"
BS01,宝山,麻,"ia, o, ᴀ, ᴇ"
BZ01,堡镇,佳,"iɑ, o, ɑ"
BZ01,堡镇,戈,u
BZ01,堡镇,模,u
BZ01,堡镇,歌,"i, u, ɑ"
BZ01,堡镇,皆,"iɑ, ɑ, ɛ"
BZ01,堡镇,麻,"iɑ, o, uo, ɑ, ɔ"
CM01,崇明城关,佳,"iɑ, iɛ, o, ɑ, ɛ"
CM01,崇明城关,戈,"o, u, uo, ŋ"
CM01,崇明城关,模,"u, ŋ, ɔ"
CM01,崇明城关,歌,"i, u, ŋ, ɑ"
CM01,崇明城关,皆,"iɛ, ɑ, ɛ"
CM01,崇明城关,麻,"iɑ, o, uo, æ, ɑ"
CS01,川沙浦东,佳,"iɔ, iᴀ, ᴀ"
CS01,川沙浦东,戈,u
CS01,川沙浦东,模,"iɔ, u"
CS01,川沙浦东,歌,"o, u, ɤ, ᴀ"
CS01,川沙浦东,皆,"iɛ, iᴀ, ᴀ"
CS01,川沙浦东,麻,"iɔ, iᴀ, o, ɔ, ɛ, ᴀ"
CS02,常熟虞山镇,佳,"iᴀ, u, ᴀ"
CS02,常熟虞山镇,戈,"ioʔ, u, ɯ"
CS02,常熟虞山镇,模,"u, ɯ"
CS02,常熟虞山镇,歌,"i, ɯ, ᴀ"
CS02,常熟虞山镇,皆,"ɛ, ᴀ"
CS02,常熟虞山镇,麻,"iᴀ, u, ᴀ"
CX01,慈溪逍林,佳,"a, ia, o, ou, u"
CX01,慈溪逍林,戈,"a, o, ou"
CX01,慈溪逍林,模,"ou, u"
CX01,慈溪逍林,歌,"a, o, ou"
CX01,慈溪逍林,皆,"a, e, ia"
CX01,慈溪逍林,麻,"a, ia, o, ø"
CX02,长兴,佳,"a, ia, o"
CX02,长兴,戈,"a, o, u, əu"
CX02,长兴,模,"o, u, əu"
CX02,长兴,歌,"a, o, u, əu"
CX02,长兴,皆,"a, ia"
CX02,长兴,麻,"a, ia, o"
CZ01,常州,佳,"a, ia, o"
CZ01,常州,戈,"o, ɤɯ"
CZ01,常州,模,"aɤ, u, ɔʔ, ɤɯ, ɥ"
CZ01,常州,歌,"a, ɤɯ"
CZ01,常州,皆,"a, ia, æi"
CZ01,常州,麻,"a, ia, o"
DB01,郎溪梅渚镇定埠,佳,"iɑ, ɑ, ᴇ"
DB01,郎溪梅渚镇定埠,戈,"əʔ, ɷ"
DB01,郎溪梅渚镇定埠,模,"u, ɷ, ʮ"
DB01,郎溪梅渚镇定埠,歌,"a, ɑ, əʔ, ɷ"
DB01,郎溪梅渚镇定埠,皆,ᴇ
DB01,郎溪梅渚镇定埠,麻,"iɑ, ɑ"
DQ01,德清乾元,佳,"a, ia, ɔ, ᴇ"
DQ01,德清乾元,戈,"u, ɔ, ᴇ"
DQ01,德清乾元,模,"oʔ, u"
DQ01,德清乾元,歌,"a, aʔ, oʔ, u, ɔ"
DQ01,德清乾元,皆,"a, ia"
DQ01,德清乾元,麻,"a, ia, u, ɔ"
DS01,岱山岱西镇,佳,"a, e, ia, o, ᴇ"
DS01,岱山岱西镇,戈,"o, u, ɐu"
DS01,岱山岱西镇,模,"u, ɐu"
DS01,岱山岱西镇,歌,"a, o, ɐu, ɔ, ɵ"
DS01,岱山岱西镇,皆,"a, ia, iᴇ"
DS01,岱山岱西镇,麻,"a, ia, o, ɔ, ɵ"
DY01,丹阳,佳,"ie, iɑ, æ, ɑ"
DY01,丹阳,戈,"yɑ, ə"
DY01,丹阳,模,"u, ə"
DY01,丹阳,歌,"æʔ, ɑ, ɔ, ə"
DY01,丹阳,皆,"ie, æ, ɑ"
DY01,丹阳,麻,"iɑ, ɑ"
FC01,奉城,佳,"iɑ, o, ɑ"
FC01,奉城,戈,"o, u"
FC01,奉城,模,"o, u"
FC01,奉城,歌,"i, u, ɑ, ɔ, ɯ"
FC01,奉城,皆,"iɑ, ɑ"
FC01,奉城,麻,"iɑ, o, ɑ, ɔ"
FH01,奉化西坞,佳,"a, ia, ie, o"
FH01,奉化西坞,戈,"o, u, əu"
FH01,奉化西坞,模,"u, y, əu"
FH01,奉化西坞,歌,"a, o, əu"
FH01,奉化西坞,皆,"a, ie, ɛ, ɛi"
FH01,奉化西坞,麻,"a, ia, o"
FJ01,枫泾镇,佳,"iᴀ, o, ᴀ"
FJ01,枫泾镇,戈,"o, u, əu"
FJ01,枫泾镇,模,"o, u, əu"
FJ01,枫泾镇,歌,"o, u, əu, ɤ, ᴀ"
FJ01,枫泾镇,皆,"iᴀ, ɛ, ᴀ"
FJ01,枫泾镇,麻,"iᴀ, o, ɔ, ᴀ"
FX01,奉贤,佳,"iɑ, o, ɑ"
FX01,奉贤,戈,"o, u"
FX01,奉贤,模,"o, u"
FX01,奉贤,歌,"i, u, ɑ, ɔ, ɯ"
FX01,奉贤,皆,"e, iɑ, iɛ, ɑ"
FX01,奉贤,麻,"iɑ, o, ɑ, ɔ"
FY01,富阳城关,佳,"a, o, ɛ"
FY01,富阳城关,戈,"a, i, o, u, ua, ʊ"
FY01,富阳城关,模,"u, ʊ"
FY01,富阳城关,歌,"a, o, u, ʊ"
FY01,富阳城关,皆,"a, iɛ"
FY01,富阳城关,麻,"a, ia, o"
FY02,富阳东梓关,佳,"a, ia, uo"
FY02,富阳东梓关,戈,"a, u, uo, ɛ"
FY02,富阳东梓关,模,u
FY02,富阳东梓关,歌,"a, o, u, uo, ɔ"
FY02,富阳东梓关,皆,"a, ia, iɛ, ɛ"
FY02,富阳东梓关,麻,"a, ia, uo"
GQ01,高桥,佳,"iᴀ, o, ᴀ"
GQ01,高桥,戈,u
GQ01,高桥,模,"o, u"
GQ01,高桥,歌,"o, u, ᴀ"
GQ01,高桥,皆,"e, iᴀ, ɛ, ᴀ"
GQ01,高桥,麻,"iᴀ, o, ɔ, ɛ, ᴀ"
HM01,海门镇沙地话,佳,"iɑ, o, ɑ, ɛ"
HM01,海门镇沙地话,戈,"iɑ, u"
HM01,海门镇沙地话,模,u
HM01,海门镇沙地话,歌,"u, ɑ"
HM01,海门镇沙地话,皆,"iɑ, iɛ, ɑ, ɛ"
HM01,海门镇沙地话,麻,"iɑ, o, uo, ɑ"
HM02,海门四甲,佳,"iɑ, yo, ɑ, ɛ"
HM02,海门四甲,戈,ɤ
HM02,海门四甲,模,"ɤ, ɯ"
HM02,海门四甲,歌,"iɛ, ɑ, ɛ, ɤ"
HM02,海门四甲,皆,"ɑ, ɛ"
HM02,海门四甲,麻,"iɑ, o, yo, ɑ, ɯo"
HN01,海宁城关,佳,"a, ia, o"
HN01,海宁城关,戈,"o, u"
HN01,海宁城关,模,"o, u, ŋ"
HN01,海宁城关,歌,"a, o, u"
HN01,海宁城关,皆,"a, ia, iɛ"
HN01,海宁城关,麻,"a, ia, o"
HY01,海盐县城,佳,"iɑ, o, ɑ"
HY01,海盐县城,戈,"o, u"
HY01,海盐县城,模,"n, o, u, əʔ"
HY01,海盐县城,歌,"e, o, u, ɑ"
HY01,海盐县城,皆,"iɑ, iɛ, ɑ, ɛ"
HY01,海盐县城,麻,"iɑ, o, ɑ, ɤ"
HZ01,杭州城区,佳,"a, ia, iɛ, ɛ"
HZ01,杭州城区,戈,"o, u"
HZ01,杭州城区,模,"o, u"
HZ01,杭州城区,歌,"a, o"
HZ01,杭州城区,皆,"a, iɛ, ɛ"
HZ01,杭州城区,麻,"a, ia, ɛ"
HZ02,湖州市区,佳,"a, ia, ɷ"
HZ02,湖州市区,戈,"u, əu, ɷ"
HZ02,湖州市区,模,"u, w, əu, ɷ"
HZ02,湖州市区,歌,"a, e, u, əu"
HZ02,湖州市区,皆,"a, ia"
HZ02,湖州市区,麻,"a, ia, ɷ"
JD01,嘉定城关,佳,"iᴀ, iᴇ, o, ᴀ"
JD01,嘉定城关,戈,u
JD01,嘉定城关,模,"o, u"
JD01,嘉定城关,歌,"o, u, ᴀ"
JD01,嘉定城关,皆,"iᴀ, iᴇ, ᴀ, ᴇ"
JD01,嘉定城关,麻,"iᴀ, o, u, ø, ᴀ"
JJ01,靖江城区,佳,"iɑ, o, æ, ɑ"
JJ01,靖江城区,戈,"u, ʌɤ"
JJ01,靖江城区,模,"u, ʌɤ"
JJ01,靖江城区,歌,"æ, ɑ, ʌɤ"
JJ01,靖江城区,皆,"iæ, iɑ, æ"
JJ01,靖江城区,麻,"iɑ, o, ɑ"
JS01,嘉善魏塘镇,佳,"a, ia, o, ᴇ"
JS01,嘉善魏塘镇,戈,"o, u"
JS01,嘉善魏塘镇,模,"o, u"
JS01,嘉善魏塘镇,歌,"a, i, o, u, ɤ"
JS01,嘉善魏塘镇,皆,"a, iɪ, ᴇ"
JS01,嘉善魏塘镇,麻,"a, ia, o, ɔ"
JS02,金山,佳,"iᴀ, o, ɛ, ᴀ"
JS02,金山,戈,"o, u, ɔ"
JS02,金山,模,"o, u"
JS02,金山,歌,"i, o, u, ɤ, ᴀ"
JS02,金山,皆,"iɛ, iᴀ, ɛ, ᴀ"
JS02,金山,麻,"iᴀ, o, ɑ, ɔ, ᴀ"
JT01,金坛,佳,"a, ia, iɛ, o, ɛi"
JT01,金坛,戈,"ia, o, u, əu"
JT01,金坛,模,"ao, u, ŋ, ɔʔ, əu"
JT01,金坛,歌,"a, ao, o, əu"
JT01,金坛,皆,"a, ia, iɛ, ɛi"
JT01,金坛,麻,"a, ia, o, əʔ"
JW01,江湾,佳,"iɑ, o, ɑ, ᴀ"
JW01,江湾,戈,u
JW01,江湾,模,"o, u"
JW01,江湾,歌,"u, ᴀ"
JW01,江湾,皆,"iɑ, ɑ, ɛ"
JW01,江湾,麻,"iɑ, o, ɑ, ɔ, ᴀ"
JX01,嘉兴城区,佳,"iɑ, o, ɑ, ɛ"
JX01,嘉兴城区,戈,u
JX01,嘉兴城区,模,u
JX01,嘉兴城区,歌,"e, u, ɑ"
JX01,嘉兴城区,皆,"iɑ, ɑ, ɛ"
JX01,嘉兴城区,麻,"iɑ, o, ɑ"
JY01,江阴城区澄江镇,佳,"a, ia, æ"
JY01,江阴城区澄江镇,戈,"u, əɯ"
JY01,江阴城区澄江镇,模,"u, əɯ"
JY01,江阴城区澄江镇,歌,"a, o, ɒ, əɯ"
JY01,江阴城区澄江镇,皆,"a, ia, æ"
JY01,江阴城区澄江镇,麻,"a, ia, o"
KQ01,柯桥城关,佳,"a, e, ia, o"
KQ01,柯桥城关,戈,"a, io, o, u"
KQ01,柯桥城关,模,"o, u, y, ɒ"
KQ01,柯桥城关,歌,"a, o, u"
KQ01,柯桥城关,皆,"a, ia"
KQ01,柯桥城关,麻,"a, ia, io, o"
KS01,昆山市区玉山镇,佳,"a, o"
KS01,昆山市区玉山镇,戈,"o, u, ua, əu"
KS01,昆山市区玉山镇,模,"n, o, u, əu"
KS01,昆山市区玉山镇,歌,"a, u, əu"
KS01,昆山市区玉山镇,皆,"a, ia, ɛ"
KS01,昆山市区玉山镇,麻,"a, ia, o"
LA01,临安城区,佳,"a, ia, o"
LA01,临安城区,戈,"o, u"
LA01,临安城区,模,"o, u"
LA01,临安城区,歌,"a, o"
LA01,临安城区,皆,"a, ia"
LA01,临安城区,麻,"a, ia, o"
LP01,临平五杭,佳,"a, ia, o, uo, ɛ"
LP01,临平五杭,戈,"oŋ, u, uo, y"
LP01,临平五杭,模,u
LP01,临平五杭,歌,"a, u, uo"
LP01,临平五杭,皆,"a, ia"
LP01,临平五杭,麻,"a, ia, o, uo"
LT01,练塘,佳,"a, ia, o"
LT01,练塘,戈,"o, u"
LT01,练塘,模,"o, u"
LT01,练塘,歌,"a, u, ɔ"
LT01,练塘,皆,"a, ia"
LT01,练塘,麻,"a, ia, o"
LY01,溧阳,佳,"io, o, ᴀ"
LY01,溧阳,戈,ʌɯ
LY01,溧阳,模,"u, ŋ, ʌɯ"
LY01,溧阳,歌,"o, ɔ, ʌɯ, ᴀ"
LY01,溧阳,皆,"ie, ᴀ"
LY01,溧阳,麻,"ie, io, iɑ, o"
MH01,闵行,佳,"a, o"
MH01,闵行,戈,"o, u"
MH01,闵行,模,"o, u"
MH01,闵行,歌,"u, ŋ, ɤ"
MH01,闵行,皆,"a, ia"
MH01,闵行,麻,"a, ia, o, ɑ, ɔ, ɛ"
NB01,宁波市区,佳,"a, ia, o"
NB01,宁波市区,戈,"o, u, ø, əu"
NB01,宁波市区,模,"u, əu"
NB01,宁波市区,歌,"a, o, əu"
NB01,宁波市区,皆,"a, ie"
NB01,宁波市区,麻,"a, ia, o, uo, yo"
NH01,南汇惠南镇,佳,"a, ia, o, ɛ"
NH01,南汇惠南镇,戈,u
NH01,南汇惠南镇,模,"o, u"
NH01,南汇惠南镇,歌,"a, o, u, ɔ"
NH01,南汇惠南镇,皆,"a, ia, ɛ"
NH01,南汇惠南镇,麻,"a, ia, o, ɔ"
NT01,南通金沙镇,佳,"æ, ɑ"
NT01,南通金沙镇,戈,"iɑʔ, ɤɯ"
NT01,南通金沙镇,模,"u, ɤɯ"
NT01,南通金沙镇,歌,"ɑ, ɤɯ"
NT01,南通金沙镇,皆,æ
NT01,南通金沙镇,麻,"iɑ, o, u, uo, ɑ"
PB01,彭埠镇,佳,"a, ia, o"
PB01,彭埠镇,戈,"a, o, u, ø"
PB01,彭埠镇,模,"o, u"
PB01,彭埠镇,歌,o
PB01,彭埠镇,皆,a
PB01,彭埠镇,麻,"a, ia, o"
PH01,平湖城关,佳,a
PH01,平湖城关,戈,"o, u"
PH01,平湖城关,模,"o, u"
PH01,平湖城关,歌,"a, u"
PH01,平湖城关,皆,a
PH01,平湖城关,麻,"a, ia, o"
QD01,启东吕四,佳,"a, ia, yo, ɛ"
QD01,启东吕四,戈,ɤ
QD01,启东吕四,模,"u, ɤ"
QD01,启东吕四,歌,"a, ɤ"
QD01,启东吕四,皆,"a, ia, ɛ"
QD01,启东吕四,麻,"a, ia, o, yo, ɤ"
QP01,青浦商榻,佳,"iɒ, ɒ, ʊ"
QP01,青浦商榻,戈,"u, əu, ʊ"
QP01,青浦商榻,模,"iøʔ, u, əu, ʊ"
QP01,青浦商榻,歌,"iəu, u, ɐ, ɒ, əu, ʊ"
QP01,青浦商榻,皆,"iɒ, ɒ, ɛ"
QP01,青浦商榻,麻,"iɒ, ɒ, ʊ"
SH01,上海市区,佳,"iᴀ, o, ᴀ, ᴇ"
SH01,上海市区,戈,"o, u"
SH01,上海市区,模,"o, u, ɔ"
SH01,上海市区,歌,"i, o, u, ᴀ"
SH01,上海市区,皆,"iᴇ, ᴀ, ᴇ"
SH01,上海市区,麻,"iᴀ, o, ᴀ"
SJ01,松江镇,佳,"e, iɑ, o, ɑ"
SJ01,松江镇,戈,"o, u"
SJ01,松江镇,模,"o, u, ɔ"
SJ01,松江镇,歌,"o, u, ɑ, ɔ"
SJ01,松江镇,皆,"iɑ, iɛ, ɑ, ɛ"
SJ01,松江镇,麻,"iɑ, o, u, ɑ, ɔ"
SJ02,泗泾,佳,"iɑ, o, ɑ"
SJ02,泗泾,戈,"u, əu"
SJ02,泗泾,模,"o, u, əu"
SJ02,泗泾,歌,"i, u, ɑ, əu"
SJ02,泗泾,皆,ɑ
SJ02,泗泾,麻,"iɑ, o, ɑ"
SL01,三林,佳,"iᴀ, o, ᴀ"
SL01,三林,戈,u
SL01,三林,模,"o, u"
SL01,三林,歌,"o, u, ɤ, ᴀ"
SL01,三林,皆,"e, iᴀ, ᴀ"
SL01,三林,麻,"iɔ, iᴀ, o, ɔ, ᴀ"
SX01,绍兴城区东头埭,佳,"a, ia, ieʔ, io, o"
SX01,绍兴城区东头埭,戈,"a, o, u"
SX01,绍兴城区东头埭,模,"o, u, ɒ"
SX01,绍兴城区东头埭,歌,"a, ia, o, u"
SX01,绍兴城区东头埭,皆,"a, ia, iia"
SX01,绍兴城区东头埭,麻,"a, io, o"
SY02,上虞百官镇,佳,"iɐ, o, ɐ, ᴇ"
SY02,上虞百官镇,戈,"o, u, uo, ɐ"
SY02,上虞百官镇,模,"o, u, y"
SY02,上虞百官镇,歌,"iɐ, o, ɐ"
SY02,上虞百官镇,皆,"iɐ, ɐ, ᴇ"
SY02,上虞百官镇,麻,"iɐ, o, ɐ"
SZ01,苏州城区,佳,"iɑ, o, ɑ, ɪ"
SZ01,苏州城区,戈,"o, v, əu"
SZ01,苏州城区,模,"o, v, əu"
SZ01,苏州城区,歌,"i, o, ɑ, əu"
SZ01,苏州城区,皆,"iɑ, uᴇ, ɑ, ɪ, ᴇ"
SZ01,苏州城区,麻,"io, iɑ, o, ɑ"
SZ02,嵊州长乐,佳,"a, i, ia, iɔ, ᴇ"
SZ02,嵊州长乐,戈,"a, o, ɔ"
SZ02,嵊州长乐,模,"o, u"
SZ02,嵊州长乐,歌,"a, o, ɔ"
SZ02,嵊州长乐,皆,"a, ia, iᴇ"
SZ02,嵊州长乐,麻,"a, iɔ, ɔ"
SZ03,嵊州崇仁镇,佳,a
SZ03,嵊州崇仁镇,戈,ɤ
SZ03,嵊州崇仁镇,模,u
SZ03,嵊州崇仁镇,歌,"a, ɤ"
SZ03,嵊州崇仁镇,皆,"a, e"
SZ03,嵊州崇仁镇,麻,"a, ɤ"
TC01,太仓沙溪,佳,"a, ia, iɪ, o, ɛ"
TC01,太仓沙溪,戈,"o, u, əu"
TC01,太仓沙溪,模,"o, u, ɔ, əu"
TC01,太仓沙溪,歌,"a, i, o, u, ɔ, əu"
TC01,太仓沙溪,皆,"a, ia, iɪ, ɛ"
TC01,太仓沙溪,麻,"a, ia, o"
TC02,太仓城厢,佳,"a, ia, o, ᴇ"
TC02,太仓城厢,戈,"io, o, u, əu"
TC02,太仓城厢,模,"o, u, əu"
TC02,太仓城厢,歌,"a, o, u, əu"
TC02,太仓城厢,皆,"a, ia"
TC02,太仓城厢,麻,"a, ia, o"
TL01,桐庐镇,佳,"a, ia, iɛ, uo, yo"
TL01,桐庐镇,戈,"a, u, uo"
TL01,桐庐镇,模,u
TL01,桐庐镇,歌,"a, u, uo, ɔ, ɛ"
TL01,桐庐镇,皆,"a, iɛ"
TL01,桐庐镇,麻,"a, ia, u, uo, yo"
TX01,桐乡城区,佳,"a, ia, o, ɛ"
TX01,桐乡城区,戈,"o, u"
TX01,桐乡城区,模,"o, u"
TX01,桐乡城区,歌,"a, o, u"
TX01,桐乡城区,皆,"a, ia, iɛ"
TX01,桐乡城区,麻,"a, ia, o"
WJ01,吴江市松陵,佳,"iɔ, o, ɔ"
WJ01,吴江市松陵,戈,"o, u, əu"
WJ01,吴江市松陵,模,"o, u, əu"
WJ01,吴江市松陵,歌,"a, o, u, ɔ, əu"
WJ01,吴江市松陵,皆,"iɔ, ɔ, ɪ, ᴇ"
WJ01,吴江市松陵,麻,"io, iɔ, o, ɔ"
WJ02,吴江芦墟,佳,"iɔ, ɔ"
WJ02,吴江芦墟,戈,"o, u, əu"
WJ02,吴江芦墟,模,"o, u, əu"
WJ02,吴江芦墟,歌,"i, u, ɔ, əu"
WJ02,吴江芦墟,皆,"iɔ, ɔ"
WJ02,吴江芦墟,麻,"iɔ, o, ɔ"
WX01,无锡城区,佳,"a, ia"
WX01,无锡城区,戈,"u, yəʔ, əɯ"
WX01,无锡城区,模,"u, ŋ, əɯ, ʌ"
WX01,无锡城区,歌,"a, əɯ, ʌ"
WX01,无锡城区,皆,"a, ia"
WX01,无锡城区,麻,"a, ia, u, əɯ"
WX02,吴县光福镇,佳,"a, ia, o, ɛ"
WX02,吴县光福镇,戈,"o, u, əu"
WX02,吴县光福镇,模,"o, u, əu"
WX02,吴县光福镇,歌,"a, əu"
WX02,吴县光福镇,皆,"a, ia, ɛ"
WX02,吴县光福镇,麻,"a, ia, io, o, æ"
XC01,新昌城关,佳,"a, ia, o̞"
XC01,新昌城关,戈,"a, o, u, ɛ"
XC01,新昌城关,模,"o, u"
XC01,新昌城关,歌,"a, o, o̞"
XC01,新昌城关,皆,"a, ia, ɛ"
XC01,新昌城关,麻,"a, ia, o, o̞"
XD01,新登下港,佳,"a, ai, ia, o, yo, ɛ"
XD01,新登下港,戈,"a, u, ɛ"
XD01,新登下港,模,u
XD01,新登下港,歌,"a, o, u, ɔ"
XD01,新登下港,皆,"a, ia, ie, o, ɛ"
XD01,新登下港,麻,"a, ia, o, ua, yo"
XH02,萧山城厢,佳,"a, ia, o"
XH02,萧山城厢,戈,"a, o, u"
XH02,萧山城厢,模,"o, u"
XH02,萧山城厢,歌,"a, o, u"
XH02,萧山城厢,皆,"a, e, ia"
XH02,萧山城厢,麻,"a, ia, io, o"
XS01,象山丹城,佳,"a, ia, o"
XS01,象山丹城,戈,"o, u"
XS01,象山丹城,模,"o, u"
XS01,象山丹城,歌,"a, o, u"
XS01,象山丹城,皆,"a, ia, ɛ"
XS01,象山丹城,麻,"a, ia, o"
XS03,萧山南阳镇,佳,a
XS03,萧山南阳镇,戈,"o, u"
XS03,萧山南阳镇,模,"o, u"
XS03,萧山南阳镇,歌,"o, u"
XS03,萧山南阳镇,皆,"a, ia"
XS03,萧山南阳镇,麻,"a, ia, o"
XZ01,莘庄,佳,"iᴀ, o, ᴀ"
XZ01,莘庄,戈,"o, u"
XZ01,莘庄,模,"o, u"
XZ01,莘庄,歌,"o, u, ɤ, ᴀ"
XZ01,莘庄,皆,"e, iᴀ, ᴀ"
XZ01,莘庄,麻,"iᴀ, o, ɔ, ɛ, ᴀ"
YQ01,於潜,佳,"a, ia, uo"
YQ01,於潜,戈,"a, u"
YQ01,於潜,模,u
YQ01,於潜,歌,"a, o, u"
YQ01,於潜,皆,a
YQ01,於潜,麻,"a, ia, uo"
YX01,宜兴,佳,"a, ia, o, ɛ"
YX01,宜兴,戈,"au, o, oʔ, ɷ"
YX01,宜兴,模,"au, oʔ, u, ŋ, ɷ"
YX01,宜兴,歌,"au, o, ɷ"
YX01,宜兴,皆,"a, ia"
YX01,宜兴,麻,"a, io, o"
YX02, 鄞县中区,佳,"a, ia, ie, o"
YX02, 鄞县中区,戈,"o, əu"
YX02, 鄞县中区,模,"u, əu"
YX02, 鄞县中区,歌,"a, o, əu"
YX02, 鄞县中区,皆,"a, e, ie"
YX02, 鄞县中区,麻,"a, ia, o"
YY01,余姚城关,佳,"a, ia"
YY01,余姚城关,戈,"a, o, ou"
YY01,余姚城关,模,"o, ou, u, ŋ, ɥ"
YY01,余姚城关,歌,"a, o, ou"
YY01,余姚城关,皆,a
YY01,余姚城关,麻,"a, ia, io, o"
ZJ01,诸暨城关,佳,"a, ia, o"
ZJ01,诸暨城关,戈,"a, o, u, ɔi"
ZJ01,诸暨城关,模,"u, ɔi"
ZJ01,诸暨城关,歌,"a, o, ɔi"
ZJ01,诸暨城关,皆,"a, ia"
ZJ01,诸暨城关,麻,"a, ia, io, o, ɔi"
ZJ02,诸暨璜山镇,佳,"a, ia, iʊ, ʊ"
ZJ02,诸暨璜山镇,戈,ɤɯ
ZJ02,诸暨璜山镇,模,"u, ɤɯ"
ZJ02,诸暨璜山镇,歌,"a, ɤɯ, ʊ"
ZJ02,诸暨璜山镇,皆,"a, ia, ie"
ZJ02,诸暨璜山镇,麻,"a, ia, iʊ, ʊ"
ZJ03,诸暨直埠镇,佳,"a, o"
ZJ03,诸暨直埠镇,戈,"a, ou"
ZJ03,诸暨直埠镇,模,"o, ou, u"
ZJ03,诸暨直埠镇,歌,"o, ou"
ZJ03,诸暨直埠镇,皆,"a, ia"
ZJ03,诸暨直埠镇,麻,"a, ia, o"
ZP01,周浦,佳,"iᴀ, o, ᴀ"
ZP01,周浦,戈,u
ZP01,周浦,模,"o, u"
ZP01,周浦,歌,"o, u, ɤ, ᴀ"
ZP01,周浦,皆,"e, iᴀ, ᴀ"
ZP01,周浦,麻,"iɔ, iᴀ, o, ɔ, ᴀ"
ZR01,真如,佳,"iᴀ, o, ᴀ"
ZR01,真如,戈,u
ZR01,真如,模,"o, u"
ZR01,真如,歌,"u, ᴀ"
ZR01,真如,皆,"iᴀ, ᴀ"
ZR01,真如,麻,"iᴀ, o, ɔ, ᴀ"
ZS01,舟山定海,佳,"a, ia, o, ɛ"
ZS01,舟山定海,戈,"au, o, u"
ZS01,舟山定海,模,"au, u"
ZS01,舟山定海,歌,"a, au, o"
ZS01,舟山定海,皆,"a, ia"
ZS01,舟山定海,麻,"a, ia, o"
