point_id,point_name,onset_class,valid_slots,onset_inventory_size,slot_inventory_size,ratio,S0_onset_size,S0_slot_size,S0_ratio,S1_onset_size,S1_slot_size,S1_ratio,S2_onset_size,S2_slot_size,S2_ratio,S3_onset_size,S3_slot_size,S3_ratio
AJ01,安吉安城,K,S0+S1+S2+S3,9,15,0.6,2,4,0.5,2,4,0.5,4,4,1.0,1,3,0.3333333333333333
AJ01,安吉安城,M,S0+S1+S2+S3,7,15,0.4666666666666667,1,4,0.25,3,4,0.75,1,4,0.25,2,3,0.6666666666666666
AJ01,安吉安城,N,S2+S3,3,7,0.42857142857142855,,,,,,,2,4,0.5,1,3,0.3333333333333333
AJ01,安吉安城,P,S0+S1+S2+S3,7,15,0.4666666666666667,2,4,0.5,2,4,0.5,2,4,0.5,1,3,0.3333333333333333
AJ01,安吉安城,T,S2+S3,4,7,0.5714285714285714,,,,,,,3,4,0.75,1,3,0.3333333333333333
AJ01,安吉安城,TS,S0+S1+S2+S3,9,15,0.6,3,4,0.75,2,4,0.5,2,4,0.5,2,3,0.6666666666666666
AJ01,安吉安城,Ø,S0+S1+S2+S3,7,15,0.4666666666666667,2,4,0.5,2,4,0.5,2,4,0.5,1,3,0.3333333333333333
BL01,北仑城关,K,S0+S1+S2+S3,10,16,0.625,3,4,0.75,2,5,0.4,3,4,0.75,2,3,0.6666666666666666
BL01,北仑城关,M,S0+S1+S2+S3,5,16,0.3125,2,4,0.5,1,5,0.2,1,4,0.25,1,3,0.3333333333333333
BL01,北仑城关,N,S2+S3,5,7,0.7142857142857143,,,,,,,3,4,0.75,2,3,0.6666666666666666
BL01,北仑城关,P,S0+S1+S2+S3,6,16,0.375,1,4,0.25,2,5,0.4,2,4,0.5,1,3,0.3333333333333333
BL01,北仑城关,T,S2+S3,4,7,0.5714285714285714,,,,,,,3,4,0.75,1,3,0.3333333333333333
BL01,北仑城关,TS,S0+S1+S2+S3,8,16,0.5,2,4,0.5,2,5,0.4,2,4,0.5,2,3,0.6666666666666666
BL01,北仑城关,Ø,S0+S1+S2+S3,6,16,0.375,2,4,0.5,2,5,0.4,1,4,0.25,1,3,0.3333333333333333
BS01,宝山,K,S0+S1+S2+S3,7,12,0.5833333333333334,2,5,0.4,2,4,0.5,2,2,1.0,1,1,1.0
BS01,宝山,M,S0+S1+S2+S3,5,12,0.4166666666666667,1,5,0.2,2,4,0.5,1,2,0.5,1,1,1.0
BS01,宝山,N,S2+S3,2,3,0.6666666666666666,,,,,,,1,2,0.5,1,1,1.0
BS01,宝山,P,S0+S1+S2+S3,5,12,0.4166666666666667,1,5,0.2,2,4,0.5,1,2,0.5,1,1,1.0
BS01,宝山,T,S2+S3,3,3,1.0,,,,,,,2,2,1.0,1,1,1.0
BS01,宝山,TS,S0+S1+S2+S3,7,12,0.5833333333333334,3,5,0.6,2,4,0.5,1,2,0.5,1,1,1.0
BS01,宝山,Ø,S0+S1+S2+S3,8,12,0.6666666666666666,3,5,0.6,2,4,0.5,2,2,1.0,1,1,1.0
BZ01,堡镇,K,S0+S1+S2+S3,7,13,0.5384615384615384,2,4,0.5,2,5,0.4,2,3,0.6666666666666666,1,1,1.0
BZ01,堡镇,M,S0+S1+S2+S3,5,13,0.38461538461538464,1,4,0.25,2,5,0.4,1,3,0.3333333333333333,1,1,1.0
BZ01,堡镇,N,S2+S3,2,4,0.5,,,,,,,1,3,0.3333333333333333,1,1,1.0
BZ01,堡镇,P,S0+S1+S2+S3,5,13,0.38461538461538464,1,4,0.25,2,5,0.4,1,3,0.3333333333333333,1,1,1.0
BZ01,堡镇,T,S2+S3,3,4,0.75,,,,,,,2,3,0.6666666666666666,1,1,1.0
BZ01,堡镇,TS,S0+S1+S2+S3,8,13,0.6153846153846154,3,4,0.75,2,5,0.4,2,3,0.6666666666666666,1,1,1.0
BZ01,堡镇,Ø,S0+S1+S2+S3,6,13,0.46153846153846156,1,4,0.25,3,5,0.6,1,3,0.3333333333333333,1,1,1.0
CM01,崇明城关,K,S0+S1+S2+S3,13,19,0.6842105263157895,4,5,0.8,2,5,0.4,5,6,0.8333333333333334,2,3,0.6666666666666666
CM01,崇明城关,M,S0+S1+S2+S3,6,19,0.3157894736842105,1,5,0.2,2,5,0.4,1,6,0.16666666666666666,2,3,0.6666666666666666
CM01,崇明城关,N,S2+S3,3,9,0.3333333333333333,,,,,,,2,6,0.3333333333333333,1,3,0.3333333333333333
CM01,崇明城关,P,S0+S1+S2+S3,6,19,0.3157894736842105,2,5,0.4,2,5,0.4,1,6,0.16666666666666666,1,3,0.3333333333333333
CM01,崇明城关,T,S2+S3,3,9,0.3333333333333333,,,,,,,2,6,0.3333333333333333,1,3,0.3333333333333333
CM01,崇明城关,TS,S0+S1+S2+S3,7,19,0.3684210526315789,2,5,0.4,2,5,0.4,2,6,0.3333333333333333,1,3,0.3333333333333333
CM01,崇明城关,Ø,S0+S1+S2+S3,8,19,0.42105263157894735,3,5,0.6,3,5,0.6,1,6,0.16666666666666666,1,3,0.3333333333333333
CS01,川沙浦东,K,S0+S1+S2+S3,9,16,0.5625,2,4,0.5,2,6,0.3333333333333333,4,4,1.0,1,2,0.5
CS01,川沙浦东,M,S0+S1+S2+S3,5,16,0.3125,1,4,0.25,2,6,0.3333333333333333,1,4,0.25,1,2,0.5
CS01,川沙浦东,N,S2+S3,3,6,0.5,,,,,,,2,4,0.5,1,2,0.5
CS01,川沙浦东,P,S0+S1+S2+S3,5,16,0.3125,1,4,0.25,2,6,0.3333333333333333,1,4,0.25,1,2,0.5
CS01,川沙浦东,T,S2+S3,3,6,0.5,,,,,,,2,4,0.5,1,2,0.5
CS01,川沙浦东,TS,S0+S1+S2+S3,7,16,0.4375,2,4,0.5,2,6,0.3333333333333333,1,4,0.25,2,2,1.0
CS01,川沙浦东,Ø,S0+S1+S2+S3,8,16,0.5,2,4,0.5,3,6,0.5,2,4,0.5,1,2,0.5
CS02,常熟虞山镇,K,S0+S1+S2+S3,8,14,0.5714285714285714,2,4,0.5,2,3,0.6666666666666666,2,5,0.4,2,2,1.0
CS02,常熟虞山镇,M,S0+S1+S2+S3,6,14,0.42857142857142855,2,4,0.5,2,3,0.6666666666666666,1,5,0.2,1,2,0.5
CS02,常熟虞山镇,N,S2+S3,2,7,0.2857142857142857,,,,,,,1,5,0.2,1,2,0.5
CS02,常熟虞山镇,P,S0+S1+S2+S3,5,14,0.35714285714285715,1,4,0.25,2,3,0.6666666666666666,1,5,0.2,1,2,0.5
CS02,常熟虞山镇,T,S2+S3,3,7,0.42857142857142855,,,,,,,2,5,0.4,1,2,0.5
CS02,常熟虞山镇,TS,S0+S1+S2+S3,9,14,0.6428571428571429,2,4,0.5,2,3,0.6666666666666666,3,5,0.6,2,2,1.0
CS02,常熟虞山镇,Ø,S0+S1+S2+S3,9,14,0.6428571428571429,2,4,0.5,2,3,0.6666666666666666,4,5,0.8,1,2,0.5
CX01,慈溪逍林,K,S0+S1+S2+S3,10,15,0.6666666666666666,2,6,0.3333333333333333,3,4,0.75,3,3,1.0,2,2,1.0
CX01,慈溪逍林,M,S0+S1+S2+S3,4,15,0.26666666666666666,1,6,0.16666666666666666,1,4,0.25,1,3,0.3333333333333333,1,2,0.5
CX01,慈溪逍林,N,S2+S3,2,5,0.4,,,,,,,1,3,0.3333333333333333,1,2,0.5
CX01,慈溪逍林,P,S0+S1+S2+S3,8,15,0.5333333333333333,3,6,0.5,2,4,0.5,2,3,0.6666666666666666,1,2,0.5
CX01,慈溪逍林,T,S2+S3,5,5,1.0,,,,,,,3,3,1.0,2,2,1.0
CX01,慈溪逍林,TS,S0+S1+S2+S3,8,15,0.5333333333333333,3,6,0.5,2,4,0.5,2,3,0.6666666666666666,1,2,0.5
CX01,慈溪逍林,Ø,S0+S1+S2+S3,8,15,0.5333333333333333,2,6,0.3333333333333333,3,4,0.75,2,3,0.6666666666666666,1,2,0.5
CX02,长兴,K,S0+S1+S2+S3,9,13,0.6923076923076923,2,3,0.6666666666666666,2,3,0.6666666666666666,3,4,0.75,2,3,0.6666666666666666
CX02,长兴,M,S0+S1+S2+S3,5,13,0.38461538461538464,1,3,0.3333333333333333,2,3,0.6666666666666666,1,4,0.25,1,3,0.3333333333333333
CX02,长兴,N,S2+S3,3,7,0.42857142857142855,,,,,,,2,4,0.5,1,3,0.3333333333333333
CX02,长兴,P,S0+S1+S2+S3,5,13,0.38461538461538464,1,3,0.3333333333333333,2,3,0.6666666666666666,1,4,0.25,1,3,0.3333333333333333
CX02,长兴,T,S2+S3,4,7,0.5714285714285714,,,,,,,3,4,0.75,1,3,0.3333333333333333
CX02,长兴,TS,S0+S1+S2+S3,6,13,0.46153846153846156,2,3,0.6666666666666666,1,3,0.3333333333333333,2,4,0.5,1,3,0.3333333333333333
CX02,长兴,Ø,S0+S1+S2+S3,7,13,0.5384615384615384,1,3,0.3333333333333333,2,3,0.6666666666666666,2,4,0.5,2,3,0.6666666666666666
CZ01,常州,K,S0+S1+S2+S3,7,15,0.4666666666666667,2,4,0.5,2,3,0.6666666666666666,2,3,0.6666666666666666,1,5,0.2
CZ01,常州,M,S0+S1+S2+S3,7,15,0.4666666666666667,1,4,0.25,2,3,0.6666666666666666,2,3,0.6666666666666666,2,5,0.4
CZ01,常州,N,S2+S3,3,8,0.375,,,,,,,2,3,0.6666666666666666,1,5,0.2
CZ01,常州,P,S0+S1+S2+S3,6,15,0.4,2,4,0.5,2,3,0.6666666666666666,1,3,0.3333333333333333,1,5,0.2
CZ01,常州,T,S2+S3,4,8,0.5,,,,,,,2,3,0.6666666666666666,2,5,0.4
CZ01,常州,TS,S0+S1+S2+S3,8,15,0.5333333333333333,3,4,0.75,2,3,0.6666666666666666,1,3,0.3333333333333333,2,5,0.4
CZ01,常州,Ø,S0+S1+S2+S3,9,15,0.6,3,4,0.75,2,3,0.6666666666666666,2,3,0.6666666666666666,2,5,0.4
DB01,郎溪梅渚镇定埠,K,S0+S1+S2+S3,7,12,0.5833333333333334,2,3,0.6666666666666666,2,2,1.0,2,4,0.5,1,3,0.3333333333333333
DB01,郎溪梅渚镇定埠,M,S0+S1+S2+S3,4,12,0.3333333333333333,1,3,0.3333333333333333,1,2,0.5,1,4,0.25,1,3,0.3333333333333333
DB01,郎溪梅渚镇定埠,N,S2+S3,3,7,0.42857142857142855,,,,,,,2,4,0.5,1,3,0.3333333333333333
DB01,郎溪梅渚镇定埠,P,S0+S1+S2+S3,6,12,0.5,2,3,0.6666666666666666,1,2,0.5,2,4,0.5,1,3,0.3333333333333333
DB01,郎溪梅渚镇定埠,T,S2+S3,4,7,0.5714285714285714,,,,,,,3,4,0.75,1,3,0.3333333333333333
DB01,郎溪梅渚镇定埠,TS,S0+S1+S2+S3,7,12,0.5833333333333334,2,3,0.6666666666666666,2,2,1.0,1,4,0.25,2,3,0.6666666666666666
DB01,郎溪梅渚镇定埠,Ø,S0+S1+S2+S3,6,12,0.5,1,3,0.3333333333333333,2,2,1.0,2,4,0.5,1,3,0.3333333333333333
DQ01,德清乾元,K,S0+S1+S2+S3,10,16,0.625,2,4,0.5,3,4,0.75,4,6,0.6666666666666666,1,2,0.5
DQ01,德清乾元,M,S0+S1+S2+S3,5,16,0.3125,1,4,0.25,2,4,0.5,1,6,0.16666666666666666,1,2,0.5
DQ01,德清乾元,N,S2+S3,4,8,0.5,,,,,,,3,6,0.5,1,2,0.5
DQ01,德清乾元,P,S0+S1+S2+S3,7,16,0.4375,2,4,0.5,2,4,0.5,2,6,0.3333333333333333,1,2,0.5
DQ01,德清乾元,T,S2+S3,4,8,0.5,,,,,,,3,6,0.5,1,2,0.5
DQ01,德清乾元,TS,S0+S1+S2+S3,6,16,0.375,1,4,0.25,2,4,0.5,1,6,0.16666666666666666,2,2,1.0
DQ01,德清乾元,Ø,S0+S1+S2+S3,8,16,0.5,2,4,0.5,2,4,0.5,3,6,0.5,1,2,0.5
DS01,岱山岱西镇,K,S0+S1+S2+S3,12,19,0.631578947368421,3,6,0.5,4,5,0.8,4,6,0.6666666666666666,1,2,0.5
DS01,岱山岱西镇,M,S0+S1+S2+S3,6,19,0.3157894736842105,1,6,0.16666666666666666,3,5,0.6,1,6,0.16666666666666666,1,2,0.5
DS01,岱山岱西镇,N,S2+S3,5,8,0.625,,,,,,,3,6,0.5,2,2,1.0
DS01,岱山岱西镇,P,S0+S1+S2+S3,6,19,0.3157894736842105,2,6,0.3333333333333333,2,5,0.4,1,6,0.16666666666666666,1,2,0.5
DS01,岱山岱西镇,T,S2+S3,5,8,0.625,,,,,,,4,6,0.6666666666666666,1,2,0.5
DS01,岱山岱西镇,TS,S0+S1+S2+S3,8,19,0.42105263157894735,3,6,0.5,2,5,0.4,1,6,0.16666666666666666,2,2,1.0
DS01,岱山岱西镇,Ø,S0+S1+S2+S3,8,19,0.42105263157894735,2,6,0.3333333333333333,2,5,0.4,3,6,0.5,1,2,0.5
DY01,丹阳,K,S0+S1+S2+S3,10,13,0.7692307692307693,4,4,1.0,2,2,1.0,3,5,0.6,1,2,0.5
DY01,丹阳,M,S0+S1+S2+S3,5,13,0.38461538461538464,2,4,0.5,1,2,0.5,1,5,0.2,1,2,0.5
DY01,丹阳,N,S2+S3,5,7,0.7142857142857143,,,,,,,3,5,0.6,2,2,1.0
DY01,丹阳,P,S0+S1+S2+S3,5,13,0.38461538461538464,2,4,0.5,1,2,0.5,1,5,0.2,1,2,0.5
DY01,丹阳,T,S2+S3,4,7,0.5714285714285714,,,,,,,2,5,0.4,2,2,1.0
DY01,丹阳,TS,S0+S1+S2+S3,6,13,0.46153846153846156,2,4,0.5,1,2,0.5,1,5,0.2,2,2,1.0
DY01,丹阳,Ø,S0+S1+S2+S3,8,13,0.6153846153846154,3,4,0.75,2,2,1.0,2,5,0.4,1,2,0.5
FC01,奉城,K,S0+S1+S2+S3,9,15,0.6,2,3,0.6666666666666666,2,4,0.5,4,6,0.6666666666666666,1,2,0.5
FC01,奉城,M,S0+S1+S2+S3,5,15,0.3333333333333333,1,3,0.3333333333333333,2,4,0.5,1,6,0.16666666666666666,1,2,0.5
FC01,奉城,N,S2+S3,2,8,0.25,,,,,,,1,6,0.16666666666666666,1,2,0.5
FC01,奉城,P,S0+S1+S2+S3,5,15,0.3333333333333333,1,3,0.3333333333333333,2,4,0.5,1,6,0.16666666666666666,1,2,0.5
FC01,奉城,T,S2+S3,4,8,0.5,,,,,,,3,6,0.5,1,2,0.5
FC01,奉城,TS,S0+S1+S2+S3,8,15,0.5333333333333333,2,3,0.6666666666666666,2,4,0.5,2,6,0.3333333333333333,2,2,1.0
FC01,奉城,Ø,S0+S1+S2+S3,6,15,0.4,1,3,0.3333333333333333,3,4,0.75,1,6,0.16666666666666666,1,2,0.5
FH01,奉化西坞,K,S0+S1+S2+S3,10,16,0.625,4,6,0.6666666666666666,2,3,0.6666666666666666,2,4,0.5,2,3,0.6666666666666666
FH01,奉化西坞,M,S0+S1+S2+S3,5,16,0.3125,2,6,0.3333333333333333,1,3,0.3333333333333333,1,4,0.25,1,3,0.3333333333333333
FH01,奉化西坞,N,S2+S3,5,7,0.7142857142857143,,,,,,,3,4,0.75,2,3,0.6666666666666666
FH01,奉化西坞,P,S0+S1+S2+S3,7,16,0.4375,2,6,0.3333333333333333,2,3,0.6666666666666666,2,4,0.5,1,3,0.3333333333333333
FH01,奉化西坞,T,S2+S3,4,7,0.5714285714285714,,,,,,,3,4,0.75,1,3,0.3333333333333333
FH01,奉化西坞,TS,S0+S1+S2+S3,7,16,0.4375,1,6,0.16666666666666666,2,3,0.6666666666666666,2,4,0.5,2,3,0.6666666666666666
FH01,奉化西坞,Ø,S0+S1+S2+S3,7,16,0.4375,2,6,0.3333333333333333,2,3,0.6666666666666666,2,4,0.5,1,3,0.3333333333333333
FJ01,枫泾镇,K,S0+S1+S2+S3,10,16,0.625,2,4,0.5,2,4,0.5,4,5,0.8,2,3,0.6666666666666666
FJ01,枫泾镇,M,S0+S1+S2+S3,6,16,0.375,1,4,0.25,2,4,0.5,1,5,0.2,2,3,0.6666666666666666
FJ01,枫泾镇,N,S2+S3,2,8,0.25,,,,,,,1,5,0.2,1,3,0.3333333333333333
FJ01,枫泾镇,P,S0+S1+S2+S3,5,16,0.3125,1,4,0.25,2,4,0.5,1,5,0.2,1,3,0.3333333333333333
FJ01,枫泾镇,T,S2+S3,4,8,0.5,,,,,,,3,5,0.6,1,3,0.3333333333333333
FJ01,枫泾镇,TS,S0+S1+S2+S3,8,16,0.5,3,4,0.75,2,4,0.5,1,5,0.2,2,3,0.6666666666666666
FJ01,枫泾镇,Ø,S0+S1+S2+S3,8,16,0.5,2,4,0.5,3,4,0.75,2,5,0.4,1,3,0.3333333333333333
FX01,奉贤,K,S0+S1+S2+S3,9,17,0.5294117647058824,2,5,0.4,2,4,0.5,4,6,0.6666666666666666,1,2,0.5
FX01,奉贤,M,S0+S1+S2+S3,5,17,0.29411764705882354,1,5,0.2,2,4,0.5,1,6,0.16666666666666666,1,2,0.5
FX01,奉贤,N,S2+S3,2,8,0.25,,,,,,,1,6,0.16666666666666666,1,2,0.5
FX01,奉贤,P,S0+S1+S2+S3,5,17,0.29411764705882354,1,5,0.2,2,4,0.5,1,6,0.16666666666666666,1,2,0.5
FX01,奉贤,T,S2+S3,4,8,0.5,,,,,,,3,6,0.5,1,2,0.5
FX01,奉贤,TS,S0+S1+S2+S3,8,17,0.47058823529411764,2,5,0.4,2,4,0.5,2,6,0.3333333333333333,2,2,1.0
FX01,奉贤,Ø,S0+S1+S2+S3,10,17,0.5882352941176471,3,5,0.6,3,4,0.75,3,6,0.5,1,2,0.5
FY01,富阳城关,K,S0+S1+S2+S3,9,15,0.6,3,4,0.75,2,3,0.6666666666666666,3,6,0.5,1,2,0.5
FY01,富阳城关,M,S0+S1+S2+S3,6,15,0.4,1,4,0.25,2,3,0.6666666666666666,2,6,0.3333333333333333,1,2,0.5
FY01,富阳城关,N,S2+S3,5,8,0.625,,,,,,,4,6,0.6666666666666666,1,2,0.5
FY01,富阳城关,P,S0+S1+S2+S3,7,15,0.4666666666666667,2,4,0.5,2,3,0.6666666666666666,2,6,0.3333333333333333,1,2,0.5
FY01,富阳城关,T,S2+S3,3,8,0.375,,,,,,,2,6,0.3333333333333333,1,2,0.5
FY01,富阳城关,TS,S0+S1+S2+S3,6,15,0.4,2,4,0.5,2,3,0.6666666666666666,1,6,0.16666666666666666,1,2,0.5
FY01,富阳城关,Ø,S0+S1+S2+S3,9,15,0.6,1,4,0.25,2,3,0.6666666666666666,5,6,0.8333333333333334,1,2,0.5
FY02,富阳东梓关,K,S0+S1+S2+S3,8,15,0.5333333333333333,3,5,0.6,2,3,0.6666666666666666,2,6,0.3333333333333333,1,1,1.0
FY02,富阳东梓关,M,S0+S1+S2+S3,5,15,0.3333333333333333,1,5,0.2,1,3,0.3333333333333333,2,6,0.3333333333333333,1,1,1.0
FY02,富阳东梓关,N,S2+S3,5,7,0.7142857142857143,,,,,,,4,6,0.6666666666666666,1,1,1.0
FY02,富阳东梓关,P,S0+S1+S2+S3,7,15,0.4666666666666667,2,5,0.4,1,3,0.3333333333333333,3,6,0.5,1,1,1.0
FY02,富阳东梓关,T,S2+S3,3,7,0.42857142857142855,,,,,,,2,6,0.3333333333333333,1,1,1.0
FY02,富阳东梓关,TS,S0+S1+S2+S3,10,15,0.6666666666666666,4,5,0.8,3,3,1.0,2,6,0.3333333333333333,1,1,1.0
FY02,富阳东梓关,Ø,S0+S1+S2+S3,7,15,0.4666666666666667,2,5,0.4,2,3,0.6666666666666666,2,6,0.3333333333333333,1,1,1.0
GQ01,高桥,K,S0+S1+S2+S3,8,15,0.5333333333333333,2,5,0.4,2,5,0.4,3,3,1.0,1,2,0.5
GQ01,高桥,M,S0+S1+S2+S3,5,15,0.3333333333333333,1,5,0.2,2,5,0.4,1,3,0.3333333333333333,1,2,0.5
GQ01,高桥,N,S2+S3,2,5,0.4,,,,,,,1,3,0.3333333333333333,1,2,0.5
GQ01,高桥,P,S0+S1+S2+S3,5,15,0.3333333333333333,1,5,0.2,2,5,0.4,1,3,0.3333333333333333,1,2,0.5
GQ01,高桥,T,S2+S3,3,5,0.6,,,,,,,2,3,0.6666666666666666,1,2,0.5
GQ01,高桥,TS,S0+S1+S2+S3,8,15,0.5333333333333333,3,5,0.6,2,5,0.4,1,3,0.3333333333333333,2,2,1.0
GQ01,高桥,Ø,S0+S1+S2+S3,7,15,0.4666666666666667,2,5,0.4,3,5,0.6,1,3,0.3333333333333333,1,2,0.5
HM01,海门镇沙地话,K,S0+S1+S2+S3,8,13,0.6153846153846154,3,5,0.6,2,4,0.5,2,3,0.6666666666666666,1,1,1.0
HM01,海门镇沙地话,M,S0+S1+S2+S3,6,13,0.46153846153846156,2,5,0.4,2,4,0.5,1,3,0.3333333333333333,1,1,1.0
HM01,海门镇沙地话,N,S2+S3,3,4,0.75,,,,,,,2,3,0.6666666666666666,1,1,1.0
HM01,海门镇沙地话,P,S0+S1+S2+S3,7,13,0.5384615384615384,3,5,0.6,2,4,0.5,1,3,0.3333333333333333,1,1,1.0
HM01,海门镇沙地话,T,S2+S3,3,4,0.75,,,,,,,2,3,0.6666666666666666,1,1,1.0
HM01,海门镇沙地话,TS,S0+S1+S2+S3,7,13,0.5384615384615384,3,5,0.6,2,4,0.5,1,3,0.3333333333333333,1,1,1.0
HM01,海门镇沙地话,Ø,S0+S1+S2+S3,11,13,0.8461538461538461,3,5,0.6,4,4,1.0,3,3,1.0,1,1,1.0
HM02,海门四甲,K,S0+S1+S2+S3,10,15,0.6666666666666666,3,4,0.75,4,5,0.8,2,4,0.5,1,2,0.5
HM02,海门四甲,M,S0+S1+S2+S3,5,15,0.3333333333333333,1,4,0.25,2,5,0.4,1,4,0.25,1,2,0.5
HM02,海门四甲,N,S2+S3,5,6,0.8333333333333334,,,,,,,3,4,0.75,2,2,1.0
HM02,海门四甲,P,S0+S1+S2+S3,5,15,0.3333333333333333,1,4,0.25,2,5,0.4,1,4,0.25,1,2,0.5
HM02,海门四甲,T,S2+S3,4,6,0.6666666666666666,,,,,,,3,4,0.75,1,2,0.5
HM02,海门四甲,TS,S0+S1+S2+S3,6,15,0.4,2,4,0.5,1,5,0.2,1,4,0.25,2,2,1.0
HM02,海门四甲,Ø,S0+S1+S2+S3,8,15,0.5333333333333333,2,4,0.5,2,5,0.4,3,4,0.75,1,2,0.5
HN01,海宁城关,K,S0+S1+S2+S3,9,13,0.6923076923076923,2,4,0.5,2,3,0.6666666666666666,3,3,1.0,2,3,0.6666666666666666
HN01,海宁城关,M,S0+S1+S2+S3,5,13,0.38461538461538464,1,4,0.25,2,3,0.6666666666666666,1,3,0.3333333333333333,1,3,0.3333333333333333
HN01,海宁城关,N,S2+S3,2,6,0.3333333333333333,,,,,,,1,3,0.3333333333333333,1,3,0.3333333333333333
HN01,海宁城关,P,S0+S1+S2+S3,5,13,0.38461538461538464,1,4,0.25,2,3,0.6666666666666666,1,3,0.3333333333333333,1,3,0.3333333333333333
HN01,海宁城关,T,S2+S3,4,6,0.6666666666666666,,,,,,,3,3,1.0,1,3,0.3333333333333333
HN01,海宁城关,TS,S0+S1+S2+S3,8,13,0.6153846153846154,2,4,0.5,2,3,0.6666666666666666,2,3,0.6666666666666666,2,3,0.6666666666666666
HN01,海宁城关,Ø,S0+S1+S2+S3,6,13,0.46153846153846156,2,4,0.5,2,3,0.6666666666666666,1,3,0.3333333333333333,1,3,0.3333333333333333
HY01,海盐县城,K,S0+S1+S2+S3,10,17,0.5882352941176471,2,5,0.4,2,4,0.5,4,4,1.0,2,4,0.5
HY01,海盐县城,M,S0+S1+S2+S3,7,17,0.4117647058823529,1,5,0.2,2,4,0.5,2,4,0.5,2,4,0.5
HY01,海盐县城,N,S2+S3,3,8,0.375,,,,,,,2,4,0.5,1,4,0.25
HY01,海盐县城,P,S0+S1+S2+S3,6,17,0.35294117647058826,1,5,0.2,2,4,0.5,1,4,0.25,2,4,0.5
HY01,海盐县城,T,S2+S3,4,8,0.5,,,,,,,3,4,0.75,1,4,0.25
HY01,海盐县城,TS,S0+S1+S2+S3,7,17,0.4117647058823529,3,5,0.6,1,4,0.25,2,4,0.5,1,4,0.25
HY01,海盐县城,Ø,S0+S1+S2+S3,8,17,0.47058823529411764,2,5,0.4,3,4,0.75,2,4,0.5,1,4,0.25
HZ01,杭州城区,K,S0+S1+S2+S3,8,12,0.6666666666666666,3,4,0.75,1,3,0.3333333333333333,3,3,1.0,1,2,0.5
HZ01,杭州城区,M,S0+S1+S2+S3,4,12,0.3333333333333333,1,4,0.25,1,3,0.3333333333333333,1,3,0.3333333333333333,1,2,0.5
HZ01,杭州城区,N,S2+S3,4,5,0.8,,,,,,,2,3,0.6666666666666666,2,2,1.0
HZ01,杭州城区,P,S0+S1+S2+S3,5,12,0.4166666666666667,2,4,0.5,1,3,0.3333333333333333,1,3,0.3333333333333333,1,2,0.5
HZ01,杭州城区,T,S2+S3,3,5,0.6,,,,,,,2,3,0.6666666666666666,1,2,0.5
HZ01,杭州城区,TS,S0+S1+S2+S3,6,12,0.5,2,4,0.5,2,3,0.6666666666666666,1,3,0.3333333333333333,1,2,0.5
HZ01,杭州城区,Ø,S0+S1+S2+S3,7,12,0.5833333333333334,1,4,0.25,1,3,0.3333333333333333,3,3,1.0,2,2,1.0
HZ02,湖州市区,K,S0+S1+S2+S3,9,15,0.6,2,3,0.6666666666666666,2,3,0.6666666666666666,3,5,0.6,2,4,0.5
HZ02,湖州市区,M,S0+S1+S2+S3,5,15,0.3333333333333333,1,3,0.3333333333333333,2,3,0.6666666666666666,1,5,0.2,1,4,0.25
HZ02,湖州市区,N,S2+S3,2,9,0.2222222222222222,,,,,,,1,5,0.2,1,4,0.25
HZ02,湖州市区,P,S0+S1+S2+S3,5,15,0.3333333333333333,1,3,0.3333333333333333,2,3,0.6666666666666666,1,5,0.2,1,4,0.25
HZ02,湖州市区,T,S2+S3,5,9,0.5555555555555556,,,,,,,3,5,0.6,2,4,0.5
HZ02,湖州市区,TS,S0+S1+S2+S3,6,15,0.4,2,3,0.6666666666666666,2,3,0.6666666666666666,1,5,0.2,1,4,0.25
HZ02,湖州市区,Ø,S0+S1+S2+S3,9,15,0.6,2,3,0.6666666666666666,2,3,0.6666666666666666,2,5,0.4,3,4,0.75
JD01,嘉定城关,K,S0+S1+S2+S3,8,15,0.5333333333333333,3,5,0.6,2,5,0.4,2,3,0.6666666666666666,1,2,0.5
JD01,嘉定城关,M,S0+S1+S2+S3,6,15,0.4,2,5,0.4,2,5,0.4,1,3,0.3333333333333333,1,2,0.5
JD01,嘉定城关,N,S2+S3,4,5,0.8,,,,,,,3,3,1.0,1,2,0.5
JD01,嘉定城关,P,S0+S1+S2+S3,5,15,0.3333333333333333,1,5,0.2,2,5,0.4,1,3,0.3333333333333333,1,2,0.5
JD01,嘉定城关,T,S2+S3,3,5,0.6,,,,,,,2,3,0.6666666666666666,1,2,0.5
JD01,嘉定城关,TS,S0+S1+S2+S3,8,15,0.5333333333333333,3,5,0.6,2,5,0.4,1,3,0.3333333333333333,2,2,1.0
JD01,嘉定城关,Ø,S0+S1+S2+S3,9,15,0.6,3,5,0.6,3,5,0.6,2,3,0.6666666666666666,1,2,0.5
JJ01,靖江城区,K,S0+S1+S2+S3,8,14,0.5714285714285714,3,5,0.6,2,3,0.6666666666666666,2,4,0.5,1,2,0.5
JJ01,靖江城区,M,S0+S1+S2+S3,4,14,0.2857142857142857,1,5,0.2,1,3,0.3333333333333333,1,4,0.25,1,2,0.5
JJ01,靖江城区,N,S2+S3,4,6,0.6666666666666666,,,,,,,2,4,0.5,2,2,1.0
JJ01,靖江城区,P,S0+S1+S2+S3,5,14,0.35714285714285715,2,5,0.4,1,3,0.3333333333333333,1,4,0.25,1,2,0.5
JJ01,靖江城区,T,S2+S3,6,6,1.0,,,,,,,4,4,1.0,2,2,1.0
JJ01,靖江城区,TS,S0+S1+S2+S3,5,14,0.35714285714285715,2,5,0.4,1,3,0.3333333333333333,1,4,0.25,1,2,0.5
JJ01,靖江城区,Ø,S0+S1+S2+S3,7,14,0.5,2,5,0.4,2,3,0.6666666666666666,2,4,0.5,1,2,0.5
JS01,嘉善魏塘镇,K,S0+S1+S2+S3,9,16,0.5625,2,5,0.4,2,4,0.5,4,5,0.8,1,2,0.5
JS01,嘉善魏塘镇,M,S0+S1+S2+S3,6,16,0.375,1,5,0.2,2,4,0.5,1,5,0.2,2,2,1.0
JS01,嘉善魏塘镇,N,S2+S3,3,7,0.42857142857142855,,,,,,,2,5,0.4,1,2,0.5
JS01,嘉善魏塘镇,P,S0+S1+S2+S3,6,16,0.375,2,5,0.4,2,4,0.5,1,5,0.2,1,2,0.5
JS01,嘉善魏塘镇,T,S2+S3,4,7,0.5714285714285714,,,,,,,3,5,0.6,1,2,0.5
JS01,嘉善魏塘镇,TS,S0+S1+S2+S3,9,16,0.5625,3,5,0.6,2,4,0.5,2,5,0.4,2,2,1.0
JS01,嘉善魏塘镇,Ø,S0+S1+S2+S3,9,16,0.5625,3,5,0.6,3,4,0.75,2,5,0.4,1,2,0.5
JS02,金山,K,S0+S1+S2+S3,9,18,0.5,2,5,0.4,2,5,0.4,4,6,0.6666666666666666,1,2,0.5
JS02,金山,M,S0+S1+S2+S3,6,18,0.3333333333333333,1,5,0.2,2,5,0.4,1,6,0.16666666666666666,2,2,1.0
JS02,金山,N,S2+S3,2,8,0.25,,,,,,,1,6,0.16666666666666666,1,2,0.5
JS02,金山,P,S0+S1+S2+S3,5,18,0.2777777777777778,1,5,0.2,2,5,0.4,1,6,0.16666666666666666,1,2,0.5
JS02,金山,T,S2+S3,4,8,0.5,,,,,,,3,6,0.5,1,2,0.5
JS02,金山,TS,S0+S1+S2+S3,10,18,0.5555555555555556,3,5,0.6,3,5,0.6,2,6,0.3333333333333333,2,2,1.0
JS02,金山,Ø,S0+S1+S2+S3,9,18,0.5,2,5,0.4,3,5,0.6,3,6,0.5,1,2,0.5
JT01,金坛,K,S0+S1+S2+S3,11,20,0.55,3,5,0.6,3,4,0.75,3,6,0.5,2,5,0.4
JT01,金坛,M,S0+S1+S2+S3,7,20,0.35,1,5,0.2,2,4,0.5,1,6,0.16666666666666666,3,5,0.6
JT01,金坛,N,S2+S3,5,11,0.45454545454545453,,,,,,,4,6,0.6666666666666666,1,5,0.2
JT01,金坛,P,S0+S1+S2+S3,5,20,0.25,1,5,0.2,2,4,0.5,1,6,0.16666666666666666,1,5,0.2
JT01,金坛,T,S2+S3,6,11,0.5454545454545454,,,,,,,4,6,0.6666666666666666,2,5,0.4
JT01,金坛,TS,S0+S1+S2+S3,8,20,0.4,3,5,0.6,2,4,0.5,1,6,0.16666666666666666,2,5,0.4
JT01,金坛,Ø,S0+S1+S2+S3,13,20,0.65,4,5,0.8,4,4,1.0,4,6,0.6666666666666666,1,5,0.2
JW01,江湾,K,S0+S1+S2+S3,7,14,0.5,2,5,0.4,2,5,0.4,2,2,1.0,1,2,0.5
JW01,江湾,M,S0+S1+S2+S3,5,14,0.35714285714285715,1,5,0.2,2,5,0.4,1,2,0.5,1,2,0.5
JW01,江湾,N,S2+S3,2,4,0.5,,,,,,,1,2,0.5,1,2,0.5
JW01,江湾,P,S0+S1+S2+S3,5,14,0.35714285714285715,1,5,0.2,2,5,0.4,1,2,0.5,1,2,0.5
JW01,江湾,T,S2+S3,3,4,0.75,,,,,,,2,2,1.0,1,2,0.5
JW01,江湾,TS,S0+S1+S2+S3,9,14,0.6428571428571429,4,5,0.8,2,5,0.4,1,2,0.5,2,2,1.0
JW01,江湾,Ø,S0+S1+S2+S3,6,14,0.42857142857142855,1,5,0.2,3,5,0.6,1,2,0.5,1,2,0.5
JX01,嘉兴城区,K,S0+S1+S2+S3,8,11,0.7272727272727273,2,4,0.5,2,3,0.6666666666666666,3,3,1.0,1,1,1.0
JX01,嘉兴城区,M,S0+S1+S2+S3,5,11,0.45454545454545453,1,4,0.25,2,3,0.6666666666666666,1,3,0.3333333333333333,1,1,1.0
JX01,嘉兴城区,N,S2+S3,2,4,0.5,,,,,,,1,3,0.3333333333333333,1,1,1.0
JX01,嘉兴城区,P,S0+S1+S2+S3,4,11,0.36363636363636365,1,4,0.25,1,3,0.3333333333333333,1,3,0.3333333333333333,1,1,1.0
JX01,嘉兴城区,T,S2+S3,3,4,0.75,,,,,,,2,3,0.6666666666666666,1,1,1.0
JX01,嘉兴城区,TS,S0+S1+S2+S3,7,11,0.6363636363636364,3,4,0.75,2,3,0.6666666666666666,1,3,0.3333333333333333,1,1,1.0
JX01,嘉兴城区,Ø,S0+S1+S2+S3,8,11,0.7272727272727273,3,4,0.75,2,3,0.6666666666666666,2,3,0.6666666666666666,1,1,1.0
JY01,江阴城区澄江镇,K,S0+S1+S2+S3,10,13,0.7692307692307693,3,3,1.0,3,3,1.0,3,5,0.6,1,2,0.5
JY01,江阴城区澄江镇,M,S0+S1+S2+S3,5,13,0.38461538461538464,1,3,0.3333333333333333,2,3,0.6666666666666666,1,5,0.2,1,2,0.5
JY01,江阴城区澄江镇,N,S2+S3,4,7,0.5714285714285714,,,,,,,3,5,0.6,1,2,0.5
JY01,江阴城区澄江镇,P,S0+S1+S2+S3,5,13,0.38461538461538464,1,3,0.3333333333333333,2,3,0.6666666666666666,1,5,0.2,1,2,0.5
JY01,江阴城区澄江镇,T,S2+S3,3,7,0.42857142857142855,,,,,,,2,5,0.4,1,2,0.5
JY01,江阴城区澄江镇,TS,S0+S1+S2+S3,5,13,0.38461538461538464,2,3,0.6666666666666666,1,3,0.3333333333333333,1,5,0.2,1,2,0.5
JY01,江阴城区澄江镇,Ø,S0+S1+S2+S3,7,13,0.5384615384615384,1,3,0.3333333333333333,2,3,0.6666666666666666,3,5,0.6,1,2,0.5
KQ01,柯桥城关,K,S0+S1+S2+S3,12,16,0.75,4,4,1.0,4,4,1.0,2,4,0.5,2,4,0.5
KQ01,柯桥城关,M,S0+S1+S2+S3,7,16,0.4375,1,4,0.25,2,4,0.5,1,4,0.25,3,4,0.75
KQ01,柯桥城关,N,S2+S3,4,8,0.5,,,,,,,2,4,0.5,2,4,0.5
KQ01,柯桥城关,P,S0+S1+S2+S3,8,16,0.5,2,4,0.5,2,4,0.5,2,4,0.5,2,4,0.5
KQ01,柯桥城关,T,S2+S3,4,8,0.5,,,,,,,3,4,0.75,1,4,0.25
KQ01,柯桥城关,TS,S0+S1+S2+S3,7,16,0.4375,1,4,0.25,2,4,0.5,2,4,0.5,2,4,0.5
KQ01,柯桥城关,Ø,S0+S1+S2+S3,8,16,0.5,3,4,0.75,1,4,0.25,3,4,0.75,1,4,0.25
KS01,昆山市区玉山镇,K,S0+S1+S2+S3,9,16,0.5625,2,4,0.5,2,3,0.6666666666666666,2,5,0.4,3,4,0.75
KS01,昆山市区玉山镇,M,S0+S1+S2+S3,6,16,0.375,2,4,0.5,2,3,0.6666666666666666,1,5,0.2,1,4,0.25
KS01,昆山市区玉山镇,N,S2+S3,2,9,0.2222222222222222,,,,,,,1,5,0.2,1,4,0.25
KS01,昆山市区玉山镇,P,S0+S1+S2+S3,5,16,0.3125,2,4,0.5,1,3,0.3333333333333333,1,5,0.2,1,4,0.25
KS01,昆山市区玉山镇,T,S2+S3,3,9,0.3333333333333333,,,,,,,2,5,0.4,1,4,0.25
KS01,昆山市区玉山镇,TS,S0+S1+S2+S3,8,16,0.5,2,4,0.5,2,3,0.6666666666666666,2,5,0.4,2,4,0.5
KS01,昆山市区玉山镇,Ø,S0+S1+S2+S3,10,16,0.625,3,4,0.75,2,3,0.6666666666666666,4,5,0.8,1,4,0.25
LA01,临安城区,K,S0+S1+S2+S3,9,11,0.8181818181818182,2,3,0.6666666666666666,3,3,1.0,3,3,1.0,1,2,0.5
LA01,临安城区,M,S0+S1+S2+S3,5,11,0.45454545454545453,1,3,0.3333333333333333,2,3,0.6666666666666666,1,3,0.3333333333333333,1,2,0.5
LA01,临安城区,N,S2+S3,3,5,0.6,,,,,,,2,3,0.6666666666666666,1,2,0.5
LA01,临安城区,P,S0+S1+S2+S3,5,11,0.45454545454545453,2,3,0.6666666666666666,1,3,0.3333333333333333,1,3,0.3333333333333333,1,2,0.5
LA01,临安城区,T,S2+S3,4,5,0.8,,,,,,,2,3,0.6666666666666666,2,2,1.0
LA01,临安城区,TS,S0+S1+S2+S3,7,11,0.6363636363636364,2,3,0.6666666666666666,2,3,0.6666666666666666,1,3,0.3333333333333333,2,2,1.0
LA01,临安城区,Ø,S0+S1+S2+S3,7,11,0.6363636363636364,2,3,0.6666666666666666,2,3,0.6666666666666666,2,3,0.6666666666666666,1,2,0.5
LP01,临平五杭,K,S0+S1+S2+S3,8,15,0.5333333333333333,2,5,0.4,3,4,0.75,2,5,0.4,1,1,1.0
LP01,临平五杭,M,S0+S1+S2+S3,5,15,0.3333333333333333,1,5,0.2,2,4,0.5,1,5,0.2,1,1,1.0
LP01,临平五杭,N,S2+S3,4,6,0.6666666666666666,,,,,,,3,5,0.6,1,1,1.0
LP01,临平五杭,P,S0+S1+S2+S3,6,15,0.4,2,5,0.4,1,4,0.25,2,5,0.4,1,1,1.0
LP01,临平五杭,T,S2+S3,4,6,0.6666666666666666,,,,,,,3,5,0.6,1,1,1.0
LP01,临平五杭,TS,S0+S1+S2+S3,6,15,0.4,2,5,0.4,2,4,0.5,1,5,0.2,1,1,1.0
LP01,临平五杭,Ø,S0+S1+S2+S3,6,15,0.4,1,5,0.2,2,4,0.5,2,5,0.4,1,1,1.0
LT01,练塘,K,S0+S1+S2+S3,8,12,0.6666666666666666,2,3,0.6666666666666666,2,3,0.6666666666666666,3,4,0.75,1,2,0.5
LT01,练塘,M,S0+S1+S2+S3,5,12,0.4166666666666667,1,3,0.3333333333333333,2,3,0.6666666666666666,1,4,0.25,1,2,0.5
LT01,练塘,N,S2+S3,2,6,0.3333333333333333,,,,,,,1,4,0.25,1,2,0.5
LT01,练塘,P,S0+S1+S2+S3,5,12,0.4166666666666667,1,3,0.3333333333333333,2,3,0.6666666666666666,1,4,0.25,1,2,0.5
LT01,练塘,T,S2+S3,4,6,0.6666666666666666,,,,,,,3,4,0.75,1,2,0.5
LT01,练塘,TS,S0+S1+S2+S3,7,12,0.5833333333333334,2,3,0.6666666666666666,2,3,0.6666666666666666,1,4,0.25,2,2,1.0
LT01,练塘,Ø,S0+S1+S2+S3,5,12,0.4166666666666667,1,3,0.3333333333333333,2,3,0.6666666666666666,1,4,0.25,1,2,0.5
LY01,溧阳,K,S0+S1+S2+S3,11,15,0.7333333333333333,3,4,0.75,4,4,1.0,2,4,0.5,2,3,0.6666666666666666
LY01,溧阳,M,S0+S1+S2+S3,4,15,0.26666666666666666,1,4,0.25,1,4,0.25,1,4,0.25,1,3,0.3333333333333333
LY01,溧阳,N,S2+S3,3,7,0.42857142857142855,,,,,,,2,4,0.5,1,3,0.3333333333333333
LY01,溧阳,P,S0+S1+S2+S3,5,15,0.3333333333333333,2,4,0.5,1,4,0.25,1,4,0.25,1,3,0.3333333333333333
LY01,溧阳,T,S2+S3,4,7,0.5714285714285714,,,,,,,3,4,0.75,1,3,0.3333333333333333
LY01,溧阳,TS,S0+S1+S2+S3,4,15,0.26666666666666666,1,4,0.25,1,4,0.25,1,4,0.25,1,3,0.3333333333333333
LY01,溧阳,Ø,S0+S1+S2+S3,7,15,0.4666666666666667,2,4,0.5,2,4,0.5,2,4,0.5,1,3,0.3333333333333333
MH01,闵行,K,S0+S1+S2+S3,8,15,0.5333333333333333,2,3,0.6666666666666666,2,6,0.3333333333333333,3,4,0.75,1,2,0.5
MH01,闵行,M,S0+S1+S2+S3,5,15,0.3333333333333333,1,3,0.3333333333333333,1,6,0.16666666666666666,1,4,0.25,2,2,1.0
MH01,闵行,N,S2+S3,2,6,0.3333333333333333,,,,,,,1,4,0.25,1,2,0.5
MH01,闵行,P,S0+S1+S2+S3,7,15,0.4666666666666667,1,3,0.3333333333333333,4,6,0.6666666666666666,1,4,0.25,1,2,0.5
MH01,闵行,T,S2+S3,2,6,0.3333333333333333,,,,,,,1,4,0.25,1,2,0.5
MH01,闵行,TS,S0+S1+S2+S3,7,15,0.4666666666666667,2,3,0.6666666666666666,2,6,0.3333333333333333,1,4,0.25,2,2,1.0
MH01,闵行,Ø,S0+S1+S2+S3,7,15,0.4666666666666667,1,3,0.3333333333333333,3,6,0.5,2,4,0.5,1,2,0.5
NB01,宁波市区,K,S0+S1+S2+S3,12,16,0.75,3,4,0.75,3,5,0.6,5,5,1.0,1,2,0.5
NB01,宁波市区,M,S0+S1+S2+S3,5,16,0.3125,1,4,0.25,2,5,0.4,1,5,0.2,1,2,0.5
NB01,宁波市区,N,S2+S3,4,7,0.5714285714285714,,,,,,,3,5,0.6,1,2,0.5
NB01,宁波市区,P,S0+S1+S2+S3,6,16,0.375,1,4,0.25,2,5,0.4,2,5,0.4,1,2,0.5
NB01,宁波市区,T,S2+S3,5,7,0.7142857142857143,,,,,,,4,5,0.8,1,2,0.5
NB01,宁波市区,TS,S0+S1+S2+S3,8,16,0.5,2,4,0.5,2,5,0.4,2,5,0.4,2,2,1.0
NB01,宁波市区,Ø,S0+S1+S2+S3,11,16,0.6875,2,4,0.5,5,5,1.0,3,5,0.6,1,2,0.5
NH01,南汇惠南镇,K,S0+S1+S2+S3,9,14,0.6428571428571429,3,4,0.75,1,4,0.25,4,4,1.0,1,2,0.5
NH01,南汇惠南镇,M,S0+S1+S2+S3,5,14,0.35714285714285715,1,4,0.25,2,4,0.5,1,4,0.25,1,2,0.5
NH01,南汇惠南镇,N,S2+S3,4,6,0.6666666666666666,,,,,,,3,4,0.75,1,2,0.5
NH01,南汇惠南镇,P,S0+S1+S2+S3,5,14,0.35714285714285715,1,4,0.25,2,4,0.5,1,4,0.25,1,2,0.5
NH01,南汇惠南镇,T,S2+S3,3,6,0.5,,,,,,,2,4,0.5,1,2,0.5
NH01,南汇惠南镇,TS,S0+S1+S2+S3,8,14,0.5714285714285714,3,4,0.75,2,4,0.5,1,4,0.25,2,2,1.0
NH01,南汇惠南镇,Ø,S0+S1+S2+S3,8,14,0.5714285714285714,2,4,0.5,3,4,0.75,2,4,0.5,1,2,0.5
NT01,南通金沙镇,K,S0+S1+S2+S3,7,12,0.5833333333333334,1,2,0.5,3,5,0.6,2,3,0.6666666666666666,1,2,0.5
NT01,南通金沙镇,M,S0+S1+S2+S3,6,12,0.5,2,2,1.0,2,5,0.4,1,3,0.3333333333333333,1,2,0.5
NT01,南通金沙镇,N,S2+S3,4,5,0.8,,,,,,,2,3,0.6666666666666666,2,2,1.0
NT01,南通金沙镇,P,S0+S1+S2+S3,5,12,0.4166666666666667,1,2,0.5,2,5,0.4,1,3,0.3333333333333333,1,2,0.5
NT01,南通金沙镇,T,S2+S3,3,5,0.6,,,,,,,2,3,0.6666666666666666,1,2,0.5
NT01,南通金沙镇,TS,S0+S1+S2+S3,7,12,0.5833333333333334,2,2,1.0,2,5,0.4,1,3,0.3333333333333333,2,2,1.0
NT01,南通金沙镇,Ø,S0+S1+S2+S3,9,12,0.75,1,2,0.5,3,5,0.6,4,3,1.3333333333333333,1,2,0.5
PB01,彭埠镇,K,S0+S1+S2+S3,7,12,0.5833333333333334,2,3,0.6666666666666666,2,3,0.6666666666666666,2,4,0.5,1,2,0.5
PB01,彭埠镇,M,S0+S1+S2+S3,5,12,0.4166666666666667,1,3,0.3333333333333333,2,3,0.6666666666666666,1,4,0.25,1,2,0.5
PB01,彭埠镇,N,S2+S3,2,6,0.3333333333333333,,,,,,,1,4,0.25,1,2,0.5
PB01,彭埠镇,P,S0+S1+S2+S3,6,12,0.5,1,3,0.3333333333333333,2,3,0.6666666666666666,2,4,0.5,1,2,0.5
PB01,彭埠镇,T,S2+S3,4,6,0.6666666666666666,,,,,,,3,4,0.75,1,2,0.5
PB01,彭埠镇,TS,S0+S1+S2+S3,7,12,0.5833333333333334,2,3,0.6666666666666666,2,3,0.6666666666666666,1,4,0.25,2,2,1.0
PB01,彭埠镇,Ø,S0+S1+S2+S3,6,12,0.5,1,3,0.3333333333333333,2,3,0.6666666666666666,2,4,0.5,1,2,0.5
PH01,平湖城关,K,S0+S1+S2+S3,5,9,0.5555555555555556,1,1,1.0,1,3,0.3333333333333333,2,3,0.6666666666666666,1,2,0.5
PH01,平湖城关,M,S0+S1+S2+S3,5,9,0.5555555555555556,1,1,1.0,2,3,0.6666666666666666,1,3,0.3333333333333333,1,2,0.5
PH01,平湖城关,N,S2+S3,2,5,0.4,,,,,,,1,3,0.3333333333333333,1,2,0.5
PH01,平湖城关,P,S0+S1+S2+S3,5,9,0.5555555555555556,1,1,1.0,2,3,0.6666666666666666,1,3,0.3333333333333333,1,2,0.5
PH01,平湖城关,T,S2+S3,3,5,0.6,,,,,,,2,3,0.6666666666666666,1,2,0.5
PH01,平湖城关,TS,S0+S1+S2+S3,4,9,0.4444444444444444,1,1,1.0,1,3,0.3333333333333333,1,3,0.3333333333333333,1,2,0.5
PH01,平湖城关,Ø,S0+S1+S2+S3,5,9,0.5555555555555556,1,1,1.0,2,3,0.6666666666666666,1,3,0.3333333333333333,1,2,0.5
QD01,启东吕四,K,S0+S1+S2+S3,10,13,0.7692307692307693,3,4,0.75,4,5,0.8,2,2,1.0,1,2,0.5
QD01,启东吕四,M,S0+S1+S2+S3,5,13,0.38461538461538464,1,4,0.25,2,5,0.4,1,2,0.5,1,2,0.5
QD01,启东吕四,N,S2+S3,4,4,1.0,,,,,,,2,2,1.0,2,2,1.0
QD01,启东吕四,P,S0+S1+S2+S3,6,13,0.46153846153846156,2,4,0.5,2,5,0.4,1,2,0.5,1,2,0.5
QD01,启东吕四,T,S2+S3,3,4,0.75,,,,,,,2,2,1.0,1,2,0.5
QD01,启东吕四,TS,S0+S1+S2+S3,7,13,0.5384615384615384,3,4,0.75,1,5,0.2,1,2,0.5,2,2,1.0
QD01,启东吕四,Ø,S0+S1+S2+S3,9,13,0.6923076923076923,2,4,0.5,3,5,0.6,3,2,1.5,1,2,0.5
QP01,青浦商榻,K,S0+S1+S2+S3,10,17,0.5882352941176471,2,4,0.5,2,3,0.6666666666666666,3,6,0.5,3,4,0.75
QP01,青浦商榻,M,S0+S1+S2+S3,6,17,0.35294117647058826,1,4,0.25,2,3,0.6666666666666666,1,6,0.16666666666666666,2,4,0.5
QP01,青浦商榻,N,S2+S3,7,10,0.7,,,,,,,4,6,0.6666666666666666,3,4,0.75
QP01,青浦商榻,P,S0+S1+S2+S3,5,17,0.29411764705882354,1,4,0.25,2,3,0.6666666666666666,1,6,0.16666666666666666,1,4,0.25
QP01,青浦商榻,T,S2+S3,4,10,0.4,,,,,,,3,6,0.5,1,4,0.25
QP01,青浦商榻,TS,S0+S1+S2+S3,9,17,0.5294117647058824,3,4,0.75,3,3,1.0,1,6,0.16666666666666666,2,4,0.5
QP01,青浦商榻,Ø,S0+S1+S2+S3,9,17,0.5294117647058824,2,4,0.5,2,3,0.6666666666666666,3,6,0.5,2,4,0.5
SH01,上海市区,K,S0+S1+S2+S3,7,15,0.4666666666666667,2,5,0.4,2,3,0.6666666666666666,2,4,0.5,1,3,0.3333333333333333
SH01,上海市区,M,S0+S1+S2+S3,8,15,0.5333333333333333,1,5,0.2,2,3,0.6666666666666666,2,4,0.5,3,3,1.0
SH01,上海市区,N,S2+S3,4,7,0.5714285714285714,,,,,,,3,4,0.75,1,3,0.3333333333333333
SH01,上海市区,P,S0+S1+S2+S3,5,15,0.3333333333333333,1,5,0.2,2,3,0.6666666666666666,1,4,0.25,1,3,0.3333333333333333
SH01,上海市区,T,S2+S3,3,7,0.42857142857142855,,,,,,,2,4,0.5,1,3,0.3333333333333333
SH01,上海市区,TS,S0+S1+S2+S3,9,15,0.6,3,5,0.6,2,3,0.6666666666666666,3,4,0.75,1,3,0.3333333333333333
SH01,上海市区,Ø,S0+S1+S2+S3,7,15,0.4666666666666667,3,5,0.6,2,3,0.6666666666666666,1,4,0.25,1,3,0.3333333333333333
SJ01,松江镇,K,S0+S1+S2+S3,11,18,0.6111111111111112,4,6,0.6666666666666666,3,5,0.6,3,4,0.75,1,3,0.3333333333333333
SJ01,松江镇,M,S0+S1+S2+S3,6,18,0.3333333333333333,1,6,0.16666666666666666,2,5,0.4,1,4,0.25,2,3,0.6666666666666666
SJ01,松江镇,N,S2+S3,5,7,0.7142857142857143,,,,,,,4,4,1.0,1,3,0.3333333333333333
SJ01,松江镇,P,S0+S1+S2+S3,6,18,0.3333333333333333,2,6,0.3333333333333333,2,5,0.4,1,4,0.25,1,3,0.3333333333333333
SJ01,松江镇,T,S2+S3,4,7,0.5714285714285714,,,,,,,3,4,0.75,1,3,0.3333333333333333
SJ01,松江镇,TS,S0+S1+S2+S3,8,18,0.4444444444444444,2,6,0.3333333333333333,2,5,0.4,2,4,0.5,2,3,0.6666666666666666
SJ01,松江镇,Ø,S0+S1+S2+S3,9,18,0.5,2,6,0.3333333333333333,4,5,0.8,2,4,0.5,1,3,0.3333333333333333
SJ02,泗泾,K,S0+S1+S2+S3,9,13,0.6923076923076923,2,3,0.6666666666666666,2,3,0.6666666666666666,3,4,0.75,2,3,0.6666666666666666
SJ02,泗泾,M,S0+S1+S2+S3,5,13,0.38461538461538464,1,3,0.3333333333333333,2,3,0.6666666666666666,1,4,0.25,1,3,0.3333333333333333
SJ02,泗泾,N,S2+S3,2,7,0.2857142857142857,,,,,,,1,4,0.25,1,3,0.3333333333333333
SJ02,泗泾,P,S0+S1+S2+S3,6,13,0.46153846153846156,2,3,0.6666666666666666,2,3,0.6666666666666666,1,4,0.25,1,3,0.3333333333333333
SJ02,泗泾,T,S2+S3,3,7,0.42857142857142855,,,,,,,2,4,0.5,1,3,0.3333333333333333
SJ02,泗泾,TS,S0+S1+S2+S3,8,13,0.6153846153846154,2,3,0.6666666666666666,2,3,0.6666666666666666,2,4,0.5,2,3,0.6666666666666666
SJ02,泗泾,Ø,S0+S1+S2+S3,5,13,0.38461538461538464,1,3,0.3333333333333333,2,3,0.6666666666666666,1,4,0.25,1,3,0.3333333333333333
SL01,三林,K,S0+S1+S2+S3,9,15,0.6,2,4,0.5,2,5,0.4,4,4,1.0,1,2,0.5
SL01,三林,M,S0+S1+S2+S3,5,15,0.3333333333333333,1,4,0.25,2,5,0.4,1,4,0.25,1,2,0.5
SL01,三林,N,S2+S3,2,6,0.3333333333333333,,,,,,,1,4,0.25,1,2,0.5
SL01,三林,P,S0+S1+S2+S3,5,15,0.3333333333333333,1,4,0.25,2,5,0.4,1,4,0.25,1,2,0.5
SL01,三林,T,S2+S3,3,6,0.5,,,,,,,2,4,0.5,1,2,0.5
SL01,三林,TS,S0+S1+S2+S3,9,15,0.6,3,4,0.75,3,5,0.6,1,4,0.25,2,2,1.0
SL01,三林,Ø,S0+S1+S2+S3,6,15,0.4,1,4,0.25,3,5,0.6,1,4,0.25,1,2,0.5
SX01,绍兴城区东头埭,K,S0+S1+S2+S3,9,16,0.5625,3,6,0.5,2,3,0.6666666666666666,3,4,0.75,1,3,0.3333333333333333
SX01,绍兴城区东头埭,M,S0+S1+S2+S3,7,16,0.4375,1,6,0.16666666666666666,2,3,0.6666666666666666,1,4,0.25,3,3,1.0
SX01,绍兴城区东头埭,N,S2+S3,4,7,0.5714285714285714,,,,,,,2,4,0.5,2,3,0.6666666666666666
SX01,绍兴城区东头埭,P,S0+S1+S2+S3,7,16,0.4375,2,6,0.3333333333333333,2,3,0.6666666666666666,2,4,0.5,1,3,0.3333333333333333
SX01,绍兴城区东头埭,T,S2+S3,3,7,0.42857142857142855,,,,,,,2,4,0.5,1,3,0.3333333333333333
SX01,绍兴城区东头埭,TS,S0+S1+S2+S3,8,16,0.5,2,6,0.3333333333333333,2,3,0.6666666666666666,2,4,0.5,2,3,0.6666666666666666
SX01,绍兴城区东头埭,Ø,S0+S1+S2+S3,10,16,0.625,4,6,0.6666666666666666,2,3,0.6666666666666666,3,4,0.75,1,3,0.3333333333333333
SY02,上虞百官镇,K,S0+S1+S2+S3,8,15,0.5333333333333333,2,4,0.5,2,3,0.6666666666666666,3,5,0.6,1,3,0.3333333333333333
SY02,上虞百官镇,M,S0+S1+S2+S3,4,15,0.26666666666666666,1,4,0.25,1,3,0.3333333333333333,1,5,0.2,1,3,0.3333333333333333
SY02,上虞百官镇,N,S2+S3,3,8,0.375,,,,,,,2,5,0.4,1,3,0.3333333333333333
SY02,上虞百官镇,P,S0+S1+S2+S3,6,15,0.4,1,4,0.25,2,3,0.6666666666666666,2,5,0.4,1,3,0.3333333333333333
SY02,上虞百官镇,T,S2+S3,3,8,0.375,,,,,,,2,5,0.4,1,3,0.3333333333333333
SY02,上虞百官镇,TS,S0+S1+S2+S3,9,15,0.6,2,4,0.5,2,3,0.6666666666666666,3,5,0.6,2,3,0.6666666666666666
SY02,上虞百官镇,Ø,S0+S1+S2+S3,11,15,0.7333333333333333,3,4,0.75,2,3,0.6666666666666666,5,5,1.0,1,3,0.3333333333333333
SZ01,苏州城区,K,S0+S1+S2+S3,8,18,0.4444444444444444,3,6,0.5,2,4,0.5,2,5,0.4,1,3,0.3333333333333333
SZ01,苏州城区,M,S0+S1+S2+S3,6,18,0.3333333333333333,2,6,0.3333333333333333,2,4,0.5,1,5,0.2,1,3,0.3333333333333333
SZ01,苏州城区,N,S2+S3,4,8,0.5,,,,,,,3,5,0.6,1,3,0.3333333333333333
SZ01,苏州城区,P,S0+S1+S2+S3,6,18,0.3333333333333333,2,6,0.3333333333333333,2,4,0.5,1,5,0.2,1,3,0.3333333333333333
SZ01,苏州城区,T,S2+S3,3,8,0.375,,,,,,,2,5,0.4,1,3,0.3333333333333333
SZ01,苏州城区,TS,S0+S1+S2+S3,9,18,0.5,3,6,0.5,1,4,0.25,3,5,0.6,2,3,0.6666666666666666
SZ01,苏州城区,Ø,S0+S1+S2+S3,10,18,0.5555555555555556,4,6,0.6666666666666666,3,4,0.75,2,5,0.4,1,3,0.3333333333333333
SZ02,嵊州长乐,K,S0+S1+S2+S3,10,14,0.7142857142857143,4,6,0.6666666666666666,2,3,0.6666666666666666,3,3,1.0,1,2,0.5
SZ02,嵊州长乐,M,S0+S1+S2+S3,5,14,0.35714285714285715,1,6,0.16666666666666666,2,3,0.6666666666666666,1,3,0.3333333333333333,1,2,0.5
SZ02,嵊州长乐,N,S2+S3,4,5,0.8,,,,,,,2,3,0.6666666666666666,2,2,1.0
SZ02,嵊州长乐,P,S0+S1+S2+S3,7,14,0.5,1,6,0.16666666666666666,2,3,0.6666666666666666,3,3,1.0,1,2,0.5
SZ02,嵊州长乐,T,S2+S3,4,5,0.8,,,,,,,3,3,1.0,1,2,0.5
SZ02,嵊州长乐,TS,S0+S1+S2+S3,8,14,0.5714285714285714,2,6,0.3333333333333333,2,3,0.6666666666666666,2,3,0.6666666666666666,2,2,1.0
SZ02,嵊州长乐,Ø,S0+S1+S2+S3,7,14,0.5,3,6,0.5,2,3,0.6666666666666666,1,3,0.3333333333333333,1,2,0.5
SZ03,嵊州崇仁镇,K,S0+S1+S2+S3,5,7,0.7142857142857143,1,2,0.5,1,2,0.5,2,2,1.0,1,1,1.0
SZ03,嵊州崇仁镇,M,S0+S1+S2+S3,5,7,0.7142857142857143,1,2,0.5,2,2,1.0,1,2,0.5,1,1,1.0
SZ03,嵊州崇仁镇,N,S2+S3,3,3,1.0,,,,,,,2,2,1.0,1,1,1.0
SZ03,嵊州崇仁镇,P,S0+S1+S2+S3,4,7,0.5714285714285714,1,2,0.5,1,2,0.5,1,2,0.5,1,1,1.0
SZ03,嵊州崇仁镇,T,S2+S3,3,3,1.0,,,,,,,2,2,1.0,1,1,1.0
SZ03,嵊州崇仁镇,TS,S0+S1+S2+S3,5,7,0.7142857142857143,2,2,1.0,1,2,0.5,1,2,0.5,1,1,1.0
SZ03,嵊州崇仁镇,Ø,S0+S1+S2+S3,4,7,0.5714285714285714,1,2,0.5,1,2,0.5,1,2,0.5,1,1,1.0
TC01,太仓沙溪,K,S0+S1+S2+S3,9,18,0.5,3,5,0.6,2,3,0.6666666666666666,2,6,0.3333333333333333,2,4,0.5
TC01,太仓沙溪,M,S0+S1+S2+S3,7,18,0.3888888888888889,2,5,0.4,2,3,0.6666666666666666,1,6,0.16666666666666666,2,4,0.5
TC01,太仓沙溪,N,S2+S3,4,10,0.4,,,,,,,3,6,0.5,1,4,0.25
TC01,太仓沙溪,P,S0+S1+S2+S3,5,18,0.2777777777777778,1,5,0.2,2,3,0.6666666666666666,1,6,0.16666666666666666,1,4,0.25
TC01,太仓沙溪,T,S2+S3,3,10,0.3,,,,,,,2,6,0.3333333333333333,1,4,0.25
TC01,太仓沙溪,TS,S0+S1+S2+S3,10,18,0.5555555555555556,2,5,0.4,2,3,0.6666666666666666,4,6,0.6666666666666666,2,4,0.5
TC01,太仓沙溪,Ø,S0+S1+S2+S3,9,18,0.5,3,5,0.6,2,3,0.6666666666666666,2,6,0.3333333333333333,2,4,0.5
TC02,太仓城厢,K,S0+S1+S2+S3,8,15,0.5333333333333333,2,4,0.5,2,3,0.6666666666666666,2,5,0.4,2,3,0.6666666666666666
TC02,太仓城厢,M,S0+S1+S2+S3,5,15,0.3333333333333333,1,4,0.25,2,3,0.6666666666666666,1,5,0.2,1,3,0.3333333333333333
TC02,太仓城厢,N,S2+S3,4,8,0.5,,,,,,,3,5,0.6,1,3,0.3333333333333333
TC02,太仓城厢,P,S0+S1+S2+S3,5,15,0.3333333333333333,1,4,0.25,2,3,0.6666666666666666,1,5,0.2,1,3,0.3333333333333333
TC02,太仓城厢,T,S2+S3,3,8,0.375,,,,,,,2,5,0.4,1,3,0.3333333333333333
TC02,太仓城厢,TS,S0+S1+S2+S3,6,15,0.4,2,4,0.5,1,3,0.3333333333333333,1,5,0.2,2,3,0.6666666666666666
TC02,太仓城厢,Ø,S0+S1+S2+S3,11,15,0.7333333333333333,2,4,0.5,3,3,1.0,5,5,1.0,1,3,0.3333333333333333
TL01,桐庐镇,K,S0+S1+S2+S3,9,16,0.5625,3,5,0.6,2,5,0.4,3,5,0.6,1,1,1.0
TL01,桐庐镇,M,S0+S1+S2+S3,5,16,0.3125,1,5,0.2,2,5,0.4,1,5,0.2,1,1,1.0
TL01,桐庐镇,N,S2+S3,4,6,0.6666666666666666,,,,,,,3,5,0.6,1,1,1.0
TL01,桐庐镇,P,S0+S1+S2+S3,7,16,0.4375,2,5,0.4,2,5,0.4,2,5,0.4,1,1,1.0
TL01,桐庐镇,T,S2+S3,4,6,0.6666666666666666,,,,,,,3,5,0.6,1,1,1.0
TL01,桐庐镇,TS,S0+S1+S2+S3,6,16,0.375,2,5,0.4,2,5,0.4,1,5,0.2,1,1,1.0
TL01,桐庐镇,Ø,S0+S1+S2+S3,9,16,0.5625,2,5,0.4,3,5,0.6,3,5,0.6,1,1,1.0
TX01,桐乡城区,K,S0+S1+S2+S3,8,13,0.6153846153846154,2,5,0.4,2,3,0.6666666666666666,3,3,1.0,1,2,0.5
TX01,桐乡城区,M,S0+S1+S2+S3,5,13,0.38461538461538464,1,5,0.2,2,3,0.6666666666666666,1,3,0.3333333333333333,1,2,0.5
TX01,桐乡城区,N,S2+S3,4,5,0.8,,,,,,,3,3,1.0,1,2,0.5
TX01,桐乡城区,P,S0+S1+S2+S3,5,13,0.38461538461538464,1,5,0.2,2,3,0.6666666666666666,1,3,0.3333333333333333,1,2,0.5
TX01,桐乡城区,T,S2+S3,4,5,0.8,,,,,,,3,3,1.0,1,2,0.5
TX01,桐乡城区,TS,S0+S1+S2+S3,7,13,0.5384615384615384,2,5,0.4,2,3,0.6666666666666666,1,3,0.3333333333333333,2,2,1.0
TX01,桐乡城区,Ø,S0+S1+S2+S3,8,13,0.6153846153846154,3,5,0.6,2,3,0.6666666666666666,2,3,0.6666666666666666,1,2,0.5
WJ01,吴江市松陵,K,S0+S1+S2+S3,10,17,0.5882352941176471,2,5,0.4,2,4,0.5,4,5,0.8,2,3,0.6666666666666666
WJ01,吴江市松陵,M,S0+S1+S2+S3,6,17,0.35294117647058826,2,5,0.4,2,4,0.5,1,5,0.2,1,3,0.3333333333333333
WJ01,吴江市松陵,N,S2+S3,3,8,0.375,,,,,,,2,5,0.4,1,3,0.3333333333333333
WJ01,吴江市松陵,P,S0+S1+S2+S3,5,17,0.29411764705882354,1,5,0.2,2,4,0.5,1,5,0.2,1,3,0.3333333333333333
WJ01,吴江市松陵,T,S2+S3,3,8,0.375,,,,,,,2,5,0.4,1,3,0.3333333333333333
WJ01,吴江市松陵,TS,S0+S1+S2+S3,8,17,0.47058823529411764,3,5,0.6,2,4,0.5,1,5,0.2,2,3,0.6666666666666666
WJ01,吴江市松陵,Ø,S0+S1+S2+S3,11,17,0.6470588235294118,2,5,0.4,3,4,0.75,4,5,0.8,2,3,0.6666666666666666
WJ02,吴江芦墟,K,S0+S1+S2+S3,6,13,0.46153846153846156,2,2,1.0,1,3,0.3333333333333333,2,5,0.4,1,3,0.3333333333333333
WJ02,吴江芦墟,M,S0+S1+S2+S3,6,13,0.46153846153846156,1,2,0.5,1,3,0.3333333333333333,2,5,0.4,2,3,0.6666666666666666
WJ02,吴江芦墟,N,S2+S3,2,8,0.25,,,,,,,1,5,0.2,1,3,0.3333333333333333
WJ02,吴江芦墟,P,S0+S1+S2+S3,5,13,0.38461538461538464,1,2,0.5,1,3,0.3333333333333333,2,5,0.4,1,3,0.3333333333333333
WJ02,吴江芦墟,T,S2+S3,4,8,0.5,,,,,,,3,5,0.6,1,3,0.3333333333333333
WJ02,吴江芦墟,TS,S0+S1+S2+S3,6,13,0.46153846153846156,1,2,0.5,2,3,0.6666666666666666,2,5,0.4,1,3,0.3333333333333333
WJ02,吴江芦墟,Ø,S0+S1+S2+S3,7,13,0.5384615384615384,2,2,1.0,2,3,0.6666666666666666,1,5,0.2,2,3,0.6666666666666666
WX01,无锡城区,K,S0+S1+S2+S3,9,15,0.6,2,2,1.0,3,4,0.75,2,5,0.4,2,4,0.5
WX01,无锡城区,M,S0+S1+S2+S3,5,15,0.3333333333333333,1,2,0.5,1,4,0.25,1,5,0.2,2,4,0.5
WX01,无锡城区,N,S2+S3,4,9,0.4444444444444444,,,,,,,3,5,0.6,1,4,0.25
WX01,无锡城区,P,S0+S1+S2+S3,5,15,0.3333333333333333,1,2,0.5,2,4,0.5,1,5,0.2,1,4,0.25
WX01,无锡城区,T,S2+S3,3,9,0.3333333333333333,,,,,,,2,5,0.4,1,4,0.25
WX01,无锡城区,TS,S0+S1+S2+S3,6,15,0.4,1,2,0.5,3,4,0.75,1,5,0.2,1,4,0.25
WX01,无锡城区,Ø,S0+S1+S2+S3,10,15,0.6666666666666666,2,2,1.0,3,4,0.75,4,5,0.8,1,4,0.25
WX02,吴县光福镇,K,S0+S1+S2+S3,7,16,0.4375,2,4,0.5,2,5,0.4,2,4,0.5,1,3,0.3333333333333333
WX02,吴县光福镇,M,S0+S1+S2+S3,5,16,0.3125,1,4,0.25,2,5,0.4,1,4,0.25,1,3,0.3333333333333333
WX02,吴县光福镇,N,S2+S3,2,7,0.2857142857142857,,,,,,,1,4,0.25,1,3,0.3333333333333333
WX02,吴县光福镇,P,S0+S1+S2+S3,6,16,0.375,2,4,0.5,2,5,0.4,1,4,0.25,1,3,0.3333333333333333
WX02,吴县光福镇,T,S2+S3,3,7,0.42857142857142855,,,,,,,2,4,0.5,1,3,0.3333333333333333
WX02,吴县光福镇,TS,S0+S1+S2+S3,8,16,0.5,3,4,0.75,2,5,0.4,1,4,0.25,2,3,0.6666666666666666
WX02,吴县光福镇,Ø,S0+S1+S2+S3,7,16,0.4375,2,4,0.5,2,5,0.4,2,4,0.5,1,3,0.3333333333333333
XC01,新昌城关,K,S0+S1+S2+S3,9,15,0.6,2,4,0.5,3,4,0.75,3,5,0.6,1,2,0.5
XC01,新昌城关,M,S0+S1+S2+S3,7,15,0.4666666666666667,2,4,0.5,3,4,0.75,1,5,0.2,1,2,0.5
XC01,新昌城关,N,S2+S3,4,7,0.5714285714285714,,,,,,,2,5,0.4,2,2,1.0
XC01,新昌城关,P,S0+S1+S2+S3,7,15,0.4666666666666667,1,4,0.25,2,4,0.5,3,5,0.6,1,2,0.5
XC01,新昌城关,T,S2+S3,4,7,0.5714285714285714,,,,,,,3,5,0.6,1,2,0.5
XC01,新昌城关,TS,S0+S1+S2+S3,8,15,0.5333333333333333,2,4,0.5,2,4,0.5,2,5,0.4,2,2,1.0
XC01,新昌城关,Ø,S0+S1+S2+S3,6,15,0.4,2,4,0.5,2,4,0.5,1,5,0.2,1,2,0.5
XD01,新登下港,K,S0+S1+S2+S3,12,18,0.6666666666666666,5,7,0.7142857142857143,2,5,0.4,4,5,0.8,1,1,1.0
XD01,新登下港,M,S0+S1+S2+S3,5,18,0.2777777777777778,1,7,0.14285714285714285,2,5,0.4,1,5,0.2,1,1,1.0
XD01,新登下港,N,S2+S3,4,6,0.6666666666666666,,,,,,,3,5,0.6,1,1,1.0
XD01,新登下港,P,S0+S1+S2+S3,8,18,0.4444444444444444,2,7,0.2857142857142857,2,5,0.4,3,5,0.6,1,1,1.0
XD01,新登下港,T,S2+S3,3,6,0.5,,,,,,,2,5,0.4,1,1,1.0
XD01,新登下港,TS,S0+S1+S2+S3,7,18,0.3888888888888889,2,7,0.2857142857142857,3,5,0.6,1,5,0.2,1,1,1.0
XD01,新登下港,Ø,S0+S1+S2+S3,10,18,0.5555555555555556,3,7,0.42857142857142855,3,5,0.6,3,5,0.6,1,1,1.0
XH02,萧山城厢,K,S0+S1+S2+S3,8,13,0.6153846153846154,2,4,0.5,3,4,0.75,2,3,0.6666666666666666,1,2,0.5
XH02,萧山城厢,M,S0+S1+S2+S3,4,13,0.3076923076923077,1,4,0.25,1,4,0.25,1,3,0.3333333333333333,1,2,0.5
XH02,萧山城厢,N,S2+S3,5,5,1.0,,,,,,,3,3,1.0,2,2,1.0
XH02,萧山城厢,P,S0+S1+S2+S3,7,13,0.5384615384615384,2,4,0.5,2,4,0.5,2,3,0.6666666666666666,1,2,0.5
XH02,萧山城厢,T,S2+S3,3,5,0.6,,,,,,,2,3,0.6666666666666666,1,2,0.5
XH02,萧山城厢,TS,S0+S1+S2+S3,7,13,0.5384615384615384,2,4,0.5,2,4,0.5,1,3,0.3333333333333333,2,2,1.0
XH02,萧山城厢,Ø,S0+S1+S2+S3,9,13,0.6923076923076923,3,4,0.75,2,4,0.5,2,3,0.6666666666666666,2,2,1.0
XS01,象山丹城,K,S0+S1+S2+S3,8,12,0.6666666666666666,2,4,0.5,2,3,0.6666666666666666,3,3,1.0,1,2,0.5
XS01,象山丹城,M,S0+S1+S2+S3,6,12,0.5,2,4,0.5,2,3,0.6666666666666666,1,3,0.3333333333333333,1,2,0.5
XS01,象山丹城,N,S2+S3,5,5,1.0,,,,,,,3,3,1.0,2,2,1.0
XS01,象山丹城,P,S0+S1+S2+S3,5,12,0.4166666666666667,1,4,0.25,2,3,0.6666666666666666,1,3,0.3333333333333333,1,2,0.5
XS01,象山丹城,T,S2+S3,3,5,0.6,,,,,,,2,3,0.6666666666666666,1,2,0.5
XS01,象山丹城,TS,S0+S1+S2+S3,7,12,0.5833333333333334,2,4,0.5,2,3,0.6666666666666666,1,3,0.3333333333333333,2,2,1.0
XS01,象山丹城,Ø,S0+S1+S2+S3,9,12,0.75,2,4,0.5,3,3,1.0,3,3,1.0,1,2,0.5
XS03,萧山南阳镇,K,S0+S1+S2+S3,7,9,0.7777777777777778,2,2,1.0,2,3,0.6666666666666666,2,2,1.0,1,2,0.5
XS03,萧山南阳镇,M,S0+S1+S2+S3,5,9,0.5555555555555556,1,2,0.5,2,3,0.6666666666666666,1,2,0.5,1,2,0.5
XS03,萧山南阳镇,N,S2+S3,2,4,0.5,,,,,,,1,2,0.5,1,2,0.5
XS03,萧山南阳镇,P,S0+S1+S2+S3,5,9,0.5555555555555556,1,2,0.5,2,3,0.6666666666666666,1,2,0.5,1,2,0.5
XS03,萧山南阳镇,T,S2+S3,3,4,0.75,,,,,,,2,2,1.0,1,2,0.5
XS03,萧山南阳镇,TS,S0+S1+S2+S3,6,9,0.6666666666666666,1,2,0.5,2,3,0.6666666666666666,1,2,0.5,2,2,1.0
XS03,萧山南阳镇,Ø,S0+S1+S2+S3,5,9,0.5555555555555556,1,2,0.5,1,3,0.3333333333333333,2,2,1.0,1,2,0.5
XZ01,莘庄,K,S0+S1+S2+S3,9,15,0.6,2,4,0.5,2,5,0.4,4,4,1.0,1,2,0.5
XZ01,莘庄,M,S0+S1+S2+S3,5,15,0.3333333333333333,1,4,0.25,2,5,0.4,1,4,0.25,1,2,0.5
XZ01,莘庄,N,S2+S3,2,6,0.3333333333333333,,,,,,,1,4,0.25,1,2,0.5
XZ01,莘庄,P,S0+S1+S2+S3,5,15,0.3333333333333333,1,4,0.25,2,5,0.4,1,4,0.25,1,2,0.5
XZ01,莘庄,T,S2+S3,3,6,0.5,,,,,,,2,4,0.5,1,2,0.5
XZ01,莘庄,TS,S0+S1+S2+S3,9,15,0.6,3,4,0.75,2,5,0.4,2,4,0.5,2,2,1.0
XZ01,莘庄,Ø,S0+S1+S2+S3,7,15,0.4666666666666667,1,4,0.25,3,5,0.6,2,4,0.5,1,2,0.5
YQ01,於潜,K,S0+S1+S2+S3,6,10,0.6,2,3,0.6666666666666666,2,3,0.6666666666666666,1,3,0.3333333333333333,1,1,1.0
YQ01,於潜,M,S0+S1+S2+S3,4,10,0.4,1,3,0.3333333333333333,1,3,0.3333333333333333,1,3,0.3333333333333333,1,1,1.0
YQ01,於潜,N,S2+S3,4,4,1.0,,,,,,,3,3,1.0,1,1,1.0
YQ01,於潜,P,S0+S1+S2+S3,6,10,0.6,2,3,0.6666666666666666,1,3,0.3333333333333333,2,3,0.6666666666666666,1,1,1.0
YQ01,於潜,T,S2+S3,3,4,0.75,,,,,,,2,3,0.6666666666666666,1,1,1.0
YQ01,於潜,TS,S0+S1+S2+S3,7,10,0.7,2,3,0.6666666666666666,2,3,0.6666666666666666,2,3,0.6666666666666666,1,1,1.0
YQ01,於潜,Ø,S0+S1+S2+S3,6,10,0.6,1,3,0.3333333333333333,3,3,1.0,1,3,0.3333333333333333,1,1,1.0
YX01,宜兴,K,S0+S1+S2+S3,9,16,0.5625,3,4,0.75,2,3,0.6666666666666666,2,4,0.5,2,5,0.4
YX01,宜兴,M,S0+S1+S2+S3,5,16,0.3125,1,4,0.25,1,3,0.3333333333333333,1,4,0.25,2,5,0.4
YX01,宜兴,N,S2+S3,4,9,0.4444444444444444,,,,,,,3,4,0.75,1,5,0.2
YX01,宜兴,P,S0+S1+S2+S3,6,16,0.375,1,4,0.25,2,3,0.6666666666666666,2,4,0.5,1,5,0.2
YX01,宜兴,T,S2+S3,3,9,0.3333333333333333,,,,,,,2,4,0.5,1,5,0.2
YX01,宜兴,TS,S0+S1+S2+S3,8,16,0.5,2,4,0.5,2,3,0.6666666666666666,2,4,0.5,2,5,0.4
YX01,宜兴,Ø,S0+S1+S2+S3,9,16,0.5625,3,4,0.75,2,3,0.6666666666666666,2,4,0.5,2,5,0.4
YX02,鄞县中区,K,S0+S1+S2+S3,9,13,0.6923076923076923,3,5,0.6,2,3,0.6666666666666666,3,3,1.0,1,2,0.5
YX02,鄞县中区,M,S0+S1+S2+S3,7,13,0.5384615384615384,2,5,0.4,2,3,0.6666666666666666,1,3,0.3333333333333333,2,2,1.0
YX02,鄞县中区,N,S2+S3,4,5,0.8,,,,,,,2,3,0.6666666666666666,2,2,1.0
YX02,鄞县中区,P,S0+S1+S2+S3,6,13,0.46153846153846156,2,5,0.4,2,3,0.6666666666666666,1,3,0.3333333333333333,1,2,0.5
YX02,鄞县中区,T,S2+S3,4,5,0.8,,,,,,,3,3,1.0,1,2,0.5
YX02,鄞县中区,TS,S0+S1+S2+S3,6,13,0.46153846153846156,1,5,0.2,2,3,0.6666666666666666,1,3,0.3333333333333333,2,2,1.0
YX02,鄞县中区,Ø,S0+S1+S2+S3,6,13,0.46153846153846156,2,5,0.4,2,3,0.6666666666666666,1,3,0.3333333333333333,1,2,0.5
YY01,余姚城关,K,S0+S1+S2+S3,12,14,0.8571428571428571,2,2,1.0,3,4,0.75,3,3,1.0,4,5,0.8
YY01,余姚城关,M,S0+S1+S2+S3,6,14,0.42857142857142855,1,2,0.5,2,4,0.5,2,3,0.6666666666666666,1,5,0.2
YY01,余姚城关,N,S2+S3,2,8,0.25,,,,,,,1,3,0.3333333333333333,1,5,0.2
YY01,余姚城关,P,S0+S1+S2+S3,6,14,0.42857142857142855,1,2,0.5,2,4,0.5,2,3,0.6666666666666666,1,5,0.2
YY01,余姚城关,T,S2+S3,3,8,0.375,,,,,,,2,3,0.6666666666666666,1,5,0.2
YY01,余姚城关,TS,S0+S1+S2+S3,6,14,0.42857142857142855,1,2,0.5,1,4,0.25,2,3,0.6666666666666666,2,5,0.4
YY01,余姚城关,Ø,S0+S1+S2+S3,6,14,0.42857142857142855,1,2,0.5,2,4,0.5,2,3,0.6666666666666666,1,5,0.2
ZJ01,诸暨城关,K,S0+S1+S2+S3,8,14,0.5714285714285714,2,3,0.6666666666666666,2,5,0.4,3,4,0.75,1,2,0.5
ZJ01,诸暨城关,M,S0+S1+S2+S3,5,14,0.35714285714285715,1,3,0.3333333333333333,2,5,0.4,1,4,0.25,1,2,0.5
ZJ01,诸暨城关,N,S2+S3,2,6,0.3333333333333333,,,,,,,1,4,0.25,1,2,0.5
ZJ01,诸暨城关,P,S0+S1+S2+S3,6,14,0.42857142857142855,1,3,0.3333333333333333,2,5,0.4,2,4,0.5,1,2,0.5
ZJ01,诸暨城关,T,S2+S3,4,6,0.6666666666666666,,,,,,,3,4,0.75,1,2,0.5
ZJ01,诸暨城关,TS,S0+S1+S2+S3,9,14,0.6428571428571429,2,3,0.6666666666666666,2,5,0.4,3,4,0.75,2,2,1.0
ZJ01,诸暨城关,Ø,S0+S1+S2+S3,9,14,0.6428571428571429,2,3,0.6666666666666666,3,5,0.6,2,4,0.5,2,2,1.0
ZJ02,诸暨璜山镇,K,S0+S1+S2+S3,8,14,0.5714285714285714,3,5,0.6,2,4,0.5,2,3,0.6666666666666666,1,2,0.5
ZJ02,诸暨璜山镇,M,S0+S1+S2+S3,5,14,0.35714285714285715,1,5,0.2,2,4,0.5,1,3,0.3333333333333333,1,2,0.5
ZJ02,诸暨璜山镇,N,S2+S3,2,5,0.4,,,,,,,1,3,0.3333333333333333,1,2,0.5
ZJ02,诸暨璜山镇,P,S0+S1+S2+S3,5,14,0.35714285714285715,1,5,0.2,2,4,0.5,1,3,0.3333333333333333,1,2,0.5
ZJ02,诸暨璜山镇,T,S2+S3,3,5,0.6,,,,,,,2,3,0.6666666666666666,1,2,0.5
ZJ02,诸暨璜山镇,TS,S0+S1+S2+S3,8,14,0.5714285714285714,2,5,0.4,2,4,0.5,2,3,0.6666666666666666,2,2,1.0
ZJ02,诸暨璜山镇,Ø,S0+S1+S2+S3,9,14,0.6428571428571429,3,5,0.6,3,4,0.75,2,3,0.6666666666666666,1,2,0.5
ZJ03,诸暨直埠镇,K,S0+S1+S2+S3,6,12,0.5,1,3,0.3333333333333333,2,3,0.6666666666666666,2,3,0.6666666666666666,1,3,0.3333333333333333
ZJ03,诸暨直埠镇,M,S0+S1+S2+S3,5,12,0.4166666666666667,1,3,0.3333333333333333,2,3,0.6666666666666666,1,3,0.3333333333333333,1,3,0.3333333333333333
ZJ03,诸暨直埠镇,N,S2+S3,2,6,0.3333333333333333,,,,,,,1,3,0.3333333333333333,1,3,0.3333333333333333
ZJ03,诸暨直埠镇,P,S0+S1+S2+S3,6,12,0.5,1,3,0.3333333333333333,2,3,0.6666666666666666,2,3,0.6666666666666666,1,3,0.3333333333333333
ZJ03,诸暨直埠镇,T,S2+S3,3,6,0.5,,,,,,,1,3,0.3333333333333333,2,3,0.6666666666666666
ZJ03,诸暨直埠镇,TS,S0+S1+S2+S3,8,12,0.6666666666666666,2,3,0.6666666666666666,2,3,0.6666666666666666,2,3,0.6666666666666666,2,3,0.6666666666666666
ZJ03,诸暨直埠镇,Ø,S0+S1+S2+S3,6,12,0.5,2,3,0.6666666666666666,2,3,0.6666666666666666,1,3,0.3333333333333333,1,3,0.3333333333333333
ZP01,周浦,K,S0+S1+S2+S3,9,15,0.6,2,4,0.5,2,5,0.4,4,4,1.0,1,2,0.5
ZP01,周浦,M,S0+S1+S2+S3,6,15,0.4,1,4,0.25,2,5,0.4,1,4,0.25,2,2,1.0
ZP01,周浦,N,S2+S3,2,6,0.3333333333333333,,,,,,,1,4,0.25,1,2,0.5
ZP01,周浦,P,S0+S1+S2+S3,5,15,0.3333333333333333,1,4,0.25,2,5,0.4,1,4,0.25,1,2,0.5
ZP01,周浦,T,S2+S3,3,6,0.5,,,,,,,2,4,0.5,1,2,0.5
ZP01,周浦,TS,S0+S1+S2+S3,9,15,0.6,3,4,0.75,3,5,0.6,1,4,0.25,2,2,1.0
ZP01,周浦,Ø,S0+S1+S2+S3,5,15,0.3333333333333333,1,4,0.25,2,5,0.4,1,4,0.25,1,2,0.5
ZR01,真如,K,S0+S1+S2+S3,7,11,0.6363636363636364,2,3,0.6666666666666666,2,4,0.5,2,2,1.0,1,2,0.5
ZR01,真如,M,S0+S1+S2+S3,5,11,0.45454545454545453,1,3,0.3333333333333333,2,4,0.5,1,2,0.5,1,2,0.5
ZR01,真如,N,S2+S3,2,4,0.5,,,,,,,1,2,0.5,1,2,0.5
ZR01,真如,P,S0+S1+S2+S3,5,11,0.45454545454545453,1,3,0.3333333333333333,2,4,0.5,1,2,0.5,1,2,0.5
ZR01,真如,T,S2+S3,3,4,0.75,,,,,,,2,2,1.0,1,2,0.5
ZR01,真如,TS,S0+S1+S2+S3,7,11,0.6363636363636364,2,3,0.6666666666666666,2,4,0.5,1,2,0.5,2,2,1.0
ZR01,真如,Ø,S0+S1+S2+S3,6,11,0.5454545454545454,1,3,0.3333333333333333,3,4,0.75,1,2,0.5,1,2,0.5
ZS01,舟山定海,K,S0+S1+S2+S3,11,13,0.8461538461538461,2,4,0.5,2,3,0.6666666666666666,6,4,1.5,1,2,0.5
ZS01,舟山定海,M,S0+S1+S2+S3,5,13,0.38461538461538464,1,4,0.25,2,3,0.6666666666666666,1,4,0.25,1,2,0.5
ZS01,舟山定海,N,S2+S3,4,6,0.6666666666666666,,,,,,,3,4,0.75,1,2,0.5
ZS01,舟山定海,P,S0+S1+S2+S3,7,13,0.5384615384615384,2,4,0.5,2,3,0.6666666666666666,2,4,0.5,1,2,0.5
ZS01,舟山定海,T,S2+S3,5,6,0.8333333333333334,,,,,,,4,4,1.0,1,2,0.5
ZS01,舟山定海,TS,S0+S1+S2+S3,7,13,0.5384615384615384,1,4,0.25,2,3,0.6666666666666666,2,4,0.5,2,2,1.0
ZS01,舟山定海,Ø,S0+S1+S2+S3,7,13,0.5384615384615384,1,4,0.25,3,3,1.0,2,4,0.5,1,2,0.5
