point_id,point_name,subbranch,core_slots,monophthong_values,monophthong_value_size,monophthong_token_count,monophthong_nuclei,monophthong_nucleus_size,monophthong_nucleus_counts,back_monophthong_values,back_monophthong_value_size,back_monophthong_token_count,back_monophthong_nuclei,back_monophthong_nucleus_size,back_monophthong_nucleus_counts,s4_slot_in_data,s4_rhyme_in_data,s4_initial,s4_value_counts,s4_total_token_count,s4_monophthong_token_count,s4_monophthong_token_share,s4_dominant_value,s4_dominant_value_class,s4_dominant_nucleus,s4_dominant_nucleus_category,s4_dominant_token_count,s4_dominant_token_share,s4_status,s4_monophthong_values,s4_monophthong_nuclei,s4_back_monophthong_nuclei,s4_diphthong_or_glide_values,s4_other_values,s4_monophthong_nuclei_in_core,s4_monophthong_nuclei_in_core_back,s4_monophthong_nuclei_not_in_core,s4_core_relation,s4_map_category
AJ01,安吉安城,太湖片-苕溪小片,S0+S1+S2+S3,"a, e, u, ɔ, ɷ",5,295,"a, e, u, ɔ, ɷ",5,"u(126), ɷ(98), a(69), e(1), ɔ(1)","u, ɔ, ɷ",3,225,"u, ɔ, ɷ",3,"u(126), ɷ(98), ɔ(1)",S4,侯,*əu,e(56),56,56,1.0,e,monophthong,e,e_like,56,1.0,monophthong_only,e,e,,,,e,,,all_s4_mono_in_core_inventory,e类单音化
BL01,北仑城关,太湖片-甬江小片,S0+S1+S2+S3,"a, e, o, u, ɛ",5,208,"a, e, o, u, ɛ",5,"u(103), o(54), a(44), e(6), ɛ(1)","o, u",2,157,"o, u",2,"u(103), o(54)",S4,侯,*əu,øy(55),55,0,0.0,øy,diphthong_or_glide,,,55,1.0,diphthong_or_glide_only,,,,øy,,,,,no_s4_monophthong,未单音化
BS01,宝山,太湖片-苏沪嘉小片,S0+S1+S2+S3,"o, u, ᴀ, ᴇ",4,277,"o, u, ᴀ, ᴇ",4,"u(184), ᴀ(54), o(35), ᴇ(4)","o, u",2,219,"o, u",2,"u(184), o(35)",S4,侯,*əu,"ɤe(35), ɤ(10)",45,10,0.2222222222222222,ɤe,diphthong_or_glide,,,35,0.7777777777777778,mixed_mono_and_diphthong,ɤ,ɤ,ɤ,ɤe,,,,ɤ,s4_mono_outside_core_inventory,混合
BZ01,堡镇,太湖片-苏沪嘉小片,S0+S1+S2+S3,"i, o, u, ɑ, ɔ, ɛ",6,236,"i, o, u, ɑ, ɔ, ɛ",6,"u(157), ɑ(45), o(31), i(1), ɔ(1), ɛ(1)","o, u, ɑ, ɔ",4,234,"o, u, ɑ, ɔ",4,"u(157), ɑ(45), o(31), ɔ(1)",S4,侯,*əu,ɵ(42),42,42,1.0,ɵ,monophthong,ɵ,front_rounded,42,1.0,monophthong_only,ɵ,ɵ,,,,,,ɵ,s4_mono_outside_core_inventory,ø/ɵ/y类单音化
CM01,崇明城关,太湖片-苏沪嘉小片,S0+S1+S2+S3,"i, o, u, æ, ɑ, ɔ, ɛ",7,323,"i, o, u, æ, ɑ, ɔ, ɛ",7,"u(207), ɑ(60), o(48), ɛ(5), i(1), æ(1), ɔ(1)","o, u, ɑ, ɔ",4,316,"o, u, ɑ, ɔ",4,"u(207), ɑ(60), o(48), ɔ(1)",S4,侯,*əu,ɵ(62),62,62,1.0,ɵ,monophthong,ɵ,front_rounded,62,1.0,monophthong_only,ɵ,ɵ,,,,,,ɵ,s4_mono_outside_core_inventory,ø/ɵ/y类单音化
CS01,川沙浦东,太湖片-苏沪嘉小片,S0+S1+S2+S3,"o, u, ɔ, ɛ, ɤ, ᴀ",6,294,"o, u, ɔ, ɛ, ɤ, ᴀ",6,"u(200), ᴀ(63), o(18), ɔ(11), ɤ(1), ɛ(1)","o, u, ɔ, ɤ",4,230,"o, u, ɔ, ɤ",4,"u(200), o(18), ɔ(11), ɤ(1)",S4,侯,*əu,ɤ(56),56,56,1.0,ɤ,monophthong,ɤ,back_unrounded,56,1.0,monophthong_only,ɤ,ɤ,ɤ,,,ɤ,ɤ,,all_s4_mono_in_core_back_inventory,ɤ/ɯ类单音化
CS02,常熟虞山镇,太湖片-苏沪嘉小片,S0+S1+S2+S3,"i, u, ɛ, ɯ, ᴀ",5,268,"i, u, ɛ, ɯ, ᴀ",5,"ɯ(113), u(105), ᴀ(47), ɛ(2), i(1)","u, ɯ",2,218,"u, ɯ",2,"ɯ(113), u(105)",S4,侯,*əu,ᴇ(49),49,49,1.0,ᴇ,monophthong,ᴇ,e_like,49,1.0,monophthong_only,ᴇ,ᴇ,,,,,,ᴇ,s4_mono_outside_core_inventory,e类单音化
CX01,慈溪逍林,太湖片-临绍小片,S0+S1+S2+S3,"a, e, o, u, ø",5,197,"a, e, o, u, ø",5,"u(91), o(62), a(42), ø(1), e(1)","o, u",2,153,"o, u",2,"u(91), o(62)",S4,侯,*əu,"ø(43), iø(1)",44,43,0.9772727272727273,ø,monophthong,ø,front_rounded,43,0.9772727272727273,mixed_mono_and_diphthong,ø,ø,,iø,,ø,,,all_s4_mono_in_core_inventory,混合
CX02,长兴,太湖片-苕溪小片,S0+S1+S2+S3,"a, o, u",3,140,"a, o, u",3,"a(56), o(47), u(37)","o, u",2,84,"o, u",2,"o(47), u(37)",S4,侯,*əu,ei(32),32,0,0.0,ei,diphthong_or_glide,,,32,1.0,diphthong_or_glide_only,,,,ei,,,,,no_s4_monophthong,未单音化
CZ01,常州,太湖片-毗陵小片,S0+S1+S2+S3,"a, o, u",3,201,"a, o, u",3,"u(99), o(59), a(43)","o, u",2,158,"o, u",2,"u(99), o(59)",S4,侯,*əu,"ei(55), eu(1)",56,0,0.0,ei,diphthong_or_glide,,,55,0.9821428571428571,diphthong_or_glide_only,,,,"ei, eu",,,,,no_s4_monophthong,未单音化
DB01,郎溪梅渚镇定埠,太湖片-毗陵小片,S0+S1+S2+S3,"a, u, ɑ, ɷ, ᴇ",5,278,"a, u, ɑ, ɷ, ᴇ",5,"ɷ(103), u(73), ɑ(66), ᴇ(35), a(1)","u, ɑ, ɷ",3,242,"u, ɑ, ɷ",3,"ɷ(103), u(73), ɑ(66)",S4,侯,*əu,"ɯ(31), y(15), ɤɪ(1), ɔ(1)",48,47,0.9791666666666666,ɯ,monophthong,ɯ,back_unrounded,31,0.6458333333333334,mixed_mono_and_diphthong,"y, ɔ, ɯ","y, ɔ, ɯ","ɔ, ɯ",ɤɪ,,,,"y, ɔ, ɯ",s4_mono_outside_core_inventory,混合
DQ01,德清乾元,太湖片-苕溪小片,S0+S1+S2+S3,"a, u, ɔ, ᴇ",4,307,"a, u, ɔ, ᴇ",4,"u(199), a(56), ɔ(49), ᴇ(3)","u, ɔ",2,248,"u, ɔ",2,"u(199), ɔ(49)",S4,侯,*əu,"ø(53), y(3)",56,56,1.0,ø,monophthong,ø,front_rounded,53,0.9464285714285714,monophthong_only,"y, ø","y, ø",,,,,,"y, ø",s4_mono_outside_core_inventory,ø/ɵ/y类单音化
DS01,岱山岱西镇,太湖片-甬江小片,S0+S1+S2+S3,"a, e, o, u, ɔ, ɵ, ᴇ",7,228,"a, e, o, u, ɔ, ɵ, ᴇ",7,"u(113), o(59), a(47), ɔ(3), ᴇ(3), ɵ(2), e(1)","o, u, ɔ",3,175,"o, u, ɔ",3,"u(113), o(59), ɔ(3)",S4,侯,*əu,ɐy(50),50,0,0.0,ɐy,diphthong_or_glide,,,50,1.0,diphthong_or_glide_only,,,,ɐy,,,,,no_s4_monophthong,未单音化
DY01,丹阳,太湖片-毗陵小片,S0+S1+S2+S3,"u, æ, ɑ, ɔ, ə",5,284,"u, æ, ɑ, ɔ, ə",5,"ə(101), u(101), ɑ(65), æ(16), ɔ(1)","u, ɑ, ɔ",3,167,"u, ɑ, ɔ",3,"u(101), ɑ(65), ɔ(1)",S4,侯,*əu,e(52),52,52,1.0,e,monophthong,e,e_like,52,1.0,monophthong_only,e,e,,,,,,e,s4_mono_outside_core_inventory,e类单音化
FC01,奉城,太湖片-苏沪嘉小片,S0+S1+S2+S3,"i, o, u, ɑ, ɔ, ɯ",6,237,"i, o, u, ɑ, ɔ, ɯ",6,"u(142), ɑ(46), o(41), ɔ(6), i(1), ɯ(1)","o, u, ɑ, ɔ, ɯ",5,236,"o, u, ɑ, ɔ, ɯ",5,"u(142), ɑ(46), o(41), ɔ(6), ɯ(1)",S4,侯,*əu,ɯ(42),42,42,1.0,ɯ,monophthong,ɯ,back_unrounded,42,1.0,monophthong_only,ɯ,ɯ,ɯ,,,ɯ,ɯ,,all_s4_mono_in_core_back_inventory,ɤ/ɯ类单音化
FH01,奉化西坞,太湖片-甬江小片,S0+S1+S2+S3,"a, o, u, y, ɛ",5,204,"a, o, u, y, ɛ",5,"u(100), o(61), a(38), y(4), ɛ(1)","o, u",2,161,"o, u",2,"u(100), o(61)",S4,侯,*əu,"ɛi(23), əu(13), ou(1)",37,0,0.0,ɛi,diphthong_or_glide,,,23,0.6216216216216216,diphthong_or_glide_only,,,,"ou, əu, ɛi",,,,,no_s4_monophthong,未单音化
FJ01,枫泾镇,太湖片-苏沪嘉小片,S0+S1+S2+S3,"o, u, ɔ, ɛ, ɤ, ᴀ",6,212,"o, u, ɔ, ɛ, ɤ, ᴀ",6,"u(115), ᴀ(56), o(36), ɔ(2), ɛ(2), ɤ(1)","o, u, ɔ, ɤ",4,154,"o, u, ɔ, ɤ",4,"u(115), o(36), ɔ(2), ɤ(1)",S4,侯,*əu,ɤ(41),41,41,1.0,ɤ,monophthong,ɤ,back_unrounded,41,1.0,monophthong_only,ɤ,ɤ,ɤ,,,ɤ,ɤ,,all_s4_mono_in_core_back_inventory,ɤ/ɯ类单音化
FX01,奉贤,太湖片-苏沪嘉小片,S0+S1+S2+S3,"e, i, o, u, ɑ, ɔ, ɯ",7,276,"e, i, o, u, ɑ, ɔ, ɯ",7,"u(165), ɑ(56), o(46), ɔ(6), i(1), ɯ(1), e(1)","o, u, ɑ, ɔ, ɯ",5,274,"o, u, ɑ, ɔ, ɯ",5,"u(165), ɑ(56), o(46), ɔ(6), ɯ(1)",S4,侯,*əu,ɯ(44),44,44,1.0,ɯ,monophthong,ɯ,back_unrounded,44,1.0,monophthong_only,ɯ,ɯ,ɯ,,,ɯ,ɯ,,all_s4_mono_in_core_back_inventory,ɤ/ɯ类单音化
FY01,富阳城关,太湖片-临绍小片,S0+S1+S2+S3,"a, i, o, u, ɛ, ʊ",6,325,"a, i, o, u, ɛ, ʊ",6,"ʊ(108), u(97), o(66), a(52), i(1), ɛ(1)","o, u, ʊ",3,271,"o, u, ʊ",3,"ʊ(108), u(97), o(66)",S4,侯,*əu,"ei(28), iʊ(17), ʊ(1)",46,1,0.021739130434782608,ei,diphthong_or_glide,,,28,0.6086956521739131,mixed_mono_and_diphthong,ʊ,ʊ,ʊ,"ei, iʊ",,ʊ,ʊ,,all_s4_mono_in_core_back_inventory,混合
FY02,富阳东梓关,太湖片-临绍小片,S0+S1+S2+S3,"a, o, u, ɔ, ɛ",5,227,"a, o, u, ɔ, ɛ",5,"u(182), a(40), ɛ(3), ɔ(1), o(1)","o, u, ɔ",3,184,"o, u, ɔ",3,"u(182), ɔ(1), o(1)",S4,侯,*əu,"ɵ(34), iɵ(13)",47,34,0.723404255319149,ɵ,monophthong,ɵ,front_rounded,34,0.723404255319149,mixed_mono_and_diphthong,ɵ,ɵ,,iɵ,,,,ɵ,s4_mono_outside_core_inventory,混合
GQ01,高桥,太湖片-苏沪嘉小片,S0+S1+S2+S3,"e, o, u, ɔ, ɛ, ᴀ",6,235,"e, o, u, ɔ, ɛ, ᴀ",6,"u(155), ᴀ(49), o(27), ɛ(2), ɔ(1), e(1)","o, u, ɔ",3,183,"o, u, ɔ",3,"u(155), o(27), ɔ(1)",S4,侯,*əu,ɤ(42),42,42,1.0,ɤ,monophthong,ɤ,back_unrounded,42,1.0,monophthong_only,ɤ,ɤ,ɤ,,,,,ɤ,s4_mono_outside_core_inventory,ɤ/ɯ类单音化
HM01,海门镇沙地话,太湖片-苏沪嘉小片,S0+S1+S2+S3,"o, u, ɑ, ɛ",4,327,"o, u, ɑ, ɛ",4,"u(206), ɑ(67), o(44), ɛ(10)","o, u, ɑ",3,317,"o, u, ɑ",3,"u(206), ɑ(67), o(44)",S4,侯,*əu,əu(56),56,0,0.0,əu,diphthong_or_glide,,,56,1.0,diphthong_or_glide_only,,,,əu,,,,,no_s4_monophthong,未单音化
HM02,海门四甲,太湖片-毗陵小片,S0+S1+S2+S3,"o, ɑ, ɛ, ɤ, ɯ",5,304,"o, ɑ, ɛ, ɤ, ɯ",5,"ɤ(120), ɯ(110), ɑ(47), o(20), ɛ(7)","o, ɑ, ɤ, ɯ",4,297,"o, ɑ, ɤ, ɯ",4,"ɤ(120), ɯ(110), ɑ(47), o(20)",S4,侯,*əu,e(60),60,60,1.0,e,monophthong,e,e_like,60,1.0,monophthong_only,e,e,,,,,,e,s4_mono_outside_core_inventory,e类单音化
HN01,海宁城关,太湖片-苏沪嘉小片,S0+S1+S2+S3,"a, o, u",3,261,"a, o, u",3,"u(161), a(51), o(49)","o, u",2,210,"o, u",2,"u(161), o(49)",S4,侯,*əu,ɤɯ(50),50,0,0.0,ɤɯ,diphthong_or_glide,,,50,1.0,diphthong_or_glide_only,,,,ɤɯ,,,,,no_s4_monophthong,未单音化
HY01,海盐县城,太湖片-苏沪嘉小片,S0+S1+S2+S3,"e, o, u, ɑ, ɛ, ɤ",6,285,"e, o, u, ɑ, ɛ, ɤ",6,"u(170), o(58), ɑ(54), e(1), ɤ(1), ɛ(1)","o, u, ɑ, ɤ",4,283,"o, u, ɑ, ɤ",4,"u(170), o(58), ɑ(54), ɤ(1)",S4,侯,*əu,e(42),42,42,1.0,e,monophthong,e,e_like,42,1.0,monophthong_only,e,e,,,,e,,,all_s4_mono_in_core_inventory,e类单音化
HZ01,杭州城区,太湖片-杭州小片,S0+S1+S2+S3,"a, o, u, ɛ",4,245,"a, o, u, ɛ",4,"u(98), o(89), a(42), ɛ(16)","o, u",2,187,"o, u",2,"u(98), o(89)",S4,侯,*əu,ei(47),47,0,0.0,ei,diphthong_or_glide,,,47,1.0,diphthong_or_glide_only,,,,ei,,,,,no_s4_monophthong,未单音化
HZ02,湖州市区,太湖片-苕溪小片,S0+S1+S2+S3,"a, e, u, ɷ",4,151,"a, e, u, ɷ",4,"a(55), ɷ(49), u(46), e(1)","u, ɷ",2,95,"u, ɷ",2,"ɷ(49), u(46)",S4,侯,*əu,"øʉ(47), iʉ(5)",52,0,0.0,øʉ,diphthong_or_glide,,,47,0.9038461538461539,diphthong_or_glide_only,,,,"iʉ, øʉ",,,,,no_s4_monophthong,未单音化
JD01,嘉定城关,太湖片-苏沪嘉小片,S0+S1+S2+S3,"o, u, ø, ᴀ, ᴇ",5,316,"o, u, ø, ᴀ, ᴇ",5,"u(206), ᴀ(57), o(50), ᴇ(2), ø(1)","o, u",2,256,"o, u",2,"u(206), o(50)",S4,侯,*əu,"ø(53), y(1)",54,54,1.0,ø,monophthong,ø,front_rounded,53,0.9814814814814815,monophthong_only,"y, ø","y, ø",,,,ø,,y,partial_s4_mono_in_core_inventory,ø/ɵ/y类单音化
JJ01,靖江城区,太湖片-毗陵小片,S0+S1+S2+S3,"o, u, æ, ɑ",4,115,"o, u, æ, ɑ",4,"u(55), æ(30), o(25), ɑ(5)","o, u, ɑ",3,85,"o, u, ɑ",3,"u(55), o(25), ɑ(5)",S4,侯,*əu,"øɤ(20), ʌɤ(9)",29,0,0.0,øɤ,diphthong_or_glide,,,20,0.6896551724137931,diphthong_or_glide_only,,,,"øɤ, ʌɤ",,,,,no_s4_monophthong,未单音化
JS01,嘉善魏塘镇,太湖片-苏沪嘉小片,S0+S1+S2+S3,"a, i, o, u, ɔ, ɤ, ᴇ",7,345,"a, i, o, u, ɔ, ɤ, ᴇ",7,"u(208), a(73), o(55), ᴇ(5), ɤ(2), i(1), ɔ(1)","o, u, ɔ, ɤ",4,266,"o, u, ɔ, ɤ",4,"u(208), o(55), ɤ(2), ɔ(1)",S4,侯,*əu,ɤ(57),57,57,1.0,ɤ,monophthong,ɤ,back_unrounded,57,1.0,monophthong_only,ɤ,ɤ,ɤ,,,ɤ,ɤ,,all_s4_mono_in_core_back_inventory,ɤ/ɯ类单音化
JS02,金山,太湖片-苏沪嘉小片,S0+S1+S2+S3,"i, o, u, ɑ, ɔ, ɛ, ɤ, ᴀ",8,278,"i, o, u, ɑ, ɔ, ɛ, ɤ, ᴀ",8,"u(165), ᴀ(57), o(48), ɔ(3), ɛ(2), i(1), ɤ(1), ɑ(1)","o, u, ɑ, ɔ, ɤ",5,218,"o, u, ɑ, ɔ, ɤ",5,"u(165), o(48), ɔ(3), ɤ(1), ɑ(1)",S4,侯,*əu,ɤ(44),44,44,1.0,ɤ,monophthong,ɤ,back_unrounded,44,1.0,monophthong_only,ɤ,ɤ,ɤ,,,ɤ,ɤ,,all_s4_mono_in_core_back_inventory,ɤ/ɯ类单音化
JT01,金坛,太湖片-毗陵小片,S0+S1+S2+S3,"a, o, u",3,223,"a, o, u",3,"u(115), o(69), a(39)","o, u",2,184,"o, u",2,"u(115), o(69)",S4,侯,*əu,ei(58),58,0,0.0,ei,diphthong_or_glide,,,58,1.0,diphthong_or_glide_only,,,,ei,,,,,no_s4_monophthong,未单音化
JW01,江湾,太湖片-苏沪嘉小片,S0+S1+S2+S3,"o, u, ɑ, ɔ, ɛ, ᴀ",6,237,"o, u, ɑ, ɔ, ɛ, ᴀ",6,"u(156), ɑ(41), o(32), ᴀ(4), ɔ(3), ɛ(1)","o, u, ɑ, ɔ",4,232,"o, u, ɑ, ɔ",4,"u(156), ɑ(41), o(32), ɔ(3)",S4,侯,*əu,ɤɯ(42),42,0,0.0,ɤɯ,diphthong_or_glide,,,42,1.0,diphthong_or_glide_only,,,,ɤɯ,,,,,no_s4_monophthong,未单音化
JX01,嘉兴城区,太湖片-苏沪嘉小片,S0+S1+S2+S3,"e, o, u, ɑ, ɛ",5,264,"e, o, u, ɑ, ɛ",5,"u(169), ɑ(49), o(42), ɛ(3), e(1)","o, u, ɑ",3,260,"o, u, ɑ",3,"u(169), ɑ(49), o(42)",S4,侯,*əu,e(46),46,46,1.0,e,monophthong,e,e_like,46,1.0,monophthong_only,e,e,,,,e,,,all_s4_mono_in_core_inventory,e类单音化
JY01,江阴城区澄江镇,太湖片-毗陵小片,S0+S1+S2+S3,"a, o, u, æ, ɒ",5,192,"a, o, u, æ, ɒ",5,"u(79), o(48), a(32), æ(32), ɒ(1)","o, u, ɒ",3,128,"o, u, ɒ",3,"u(79), o(48), ɒ(1)",S4,侯,*əu,"ei(57), əɯ(6)",63,0,0.0,ei,diphthong_or_glide,,,57,0.9047619047619048,diphthong_or_glide_only,,,,"ei, əɯ",,,,,no_s4_monophthong,未单音化
KQ01,柯桥城关,太湖片-临绍小片,S0+S1+S2+S3,"a, e, o, u, y, ɒ",6,369,"a, e, o, u, y, ɒ",6,"o(165), u(142), a(57), y(2), e(2), ɒ(1)","o, u, ɒ",3,308,"o, u, ɒ",3,"o(165), u(142), ɒ(1)",S4,侯,*əu,"ɤ(43), iɤ(17)",60,43,0.7166666666666667,ɤ,monophthong,ɤ,back_unrounded,43,0.7166666666666667,mixed_mono_and_diphthong,ɤ,ɤ,ɤ,iɤ,,,,ɤ,s4_mono_outside_core_inventory,混合
KS01,昆山市区玉山镇,太湖片-苏沪嘉小片,S0+S1+S2+S3,"a, o, u, ɛ",4,141,"a, o, u, ɛ",4,"o(61), a(50), u(27), ɛ(3)","o, u",2,88,"o, u",2,"o(61), u(27)",S4,侯,*əu,ei(56),56,0,0.0,ei,diphthong_or_glide,,,56,1.0,diphthong_or_glide_only,,,,ei,,,,,no_s4_monophthong,未单音化
LA01,临安城区,太湖片-临绍小片,S0+S1+S2+S3,"a, o, u",3,304,"a, o, u",3,"o(134), u(115), a(55)","o, u",2,249,"o, u",2,"o(134), u(115)",S4,侯,*əu,ø(57),57,57,1.0,ø,monophthong,ø,front_rounded,57,1.0,monophthong_only,ø,ø,,,,,,ø,s4_mono_outside_core_inventory,ø/ɵ/y类单音化
LP01,临平五杭,太湖片-苕溪小片,S0+S1+S2+S3,"a, o, oŋ, u, y, ɛ",6,262,"a, o, u, y, ɛ",5,"u(187), a(53), o(20), y(1), ɛ(1)","o, oŋ, u",3,207,"o, u",2,"u(187), o(20)",S4,侯,*əu,ø(46),46,46,1.0,ø,monophthong,ø,front_rounded,46,1.0,monophthong_only,ø,ø,,,,,,ø,s4_mono_outside_core_inventory,ø/ɵ/y类单音化
LT01,练塘,太湖片-苏沪嘉小片,S0+S1+S2+S3,"a, o, u, ɔ",4,237,"a, o, u, ɔ",4,"u(154), a(48), o(34), ɔ(1)","o, u, ɔ",3,189,"o, u, ɔ",3,"u(154), o(34), ɔ(1)",S4,侯,*əu,ɯ(42),42,42,1.0,ɯ,monophthong,ɯ,back_unrounded,42,1.0,monophthong_only,ɯ,ɯ,ɯ,,,,,ɯ,s4_mono_outside_core_inventory,ɤ/ɯ类单音化
LY01,溧阳,太湖片-毗陵小片,S0+S1+S2+S3,"o, u, ɔ, ᴀ",4,107,"o, u, ɔ, ᴀ",4,"u(46), ᴀ(30), o(30), ɔ(1)","o, u, ɔ",3,77,"o, u, ɔ",3,"u(46), o(30), ɔ(1)",S4,侯,*əu,"ei(22), i(6), ʌɯ(1)",29,6,0.20689655172413793,ei,diphthong_or_glide,,,22,0.7586206896551724,mixed_mono_and_diphthong,i,i,,"ei, ʌɯ",,,,i,s4_mono_outside_core_inventory,混合
MH01,闵行,太湖片-苏沪嘉小片,S0+S1+S2+S3,"a, o, u, ɑ, ɔ, ɛ, ɤ",7,254,"a, o, u, ɑ, ɔ, ɛ, ɤ",7,"u(164), a(46), o(36), ɔ(4), ɛ(2), ɤ(1), ɑ(1)","o, u, ɑ, ɔ, ɤ",5,206,"o, u, ɑ, ɔ, ɤ",5,"u(164), o(36), ɔ(4), ɤ(1), ɑ(1)",S4,侯,*əu,ɤ(44),44,44,1.0,ɤ,monophthong,ɤ,back_unrounded,44,1.0,monophthong_only,ɤ,ɤ,ɤ,,,ɤ,ɤ,,all_s4_mono_in_core_back_inventory,ɤ/ɯ类单音化
NB01,宁波市区,太湖片-甬江小片,S0+S1+S2+S3,"a, o, u, ø",4,202,"a, o, u, ø",4,"u(97), o(58), a(46), ø(1)","o, u",2,155,"o, u",2,"u(97), o(58)",S4,侯,*əu,"œʏ(41), əu(1)",42,0,0.0,œʏ,diphthong_or_glide,,,41,0.9761904761904762,diphthong_or_glide_only,,,,"œʏ, əu",,,,,no_s4_monophthong,未单音化
NH01,南汇惠南镇,太湖片-苏沪嘉小片,S0+S1+S2+S3,"a, o, u, ɔ, ɛ",5,283,"a, o, u, ɔ, ɛ",5,"u(178), a(57), o(35), ɔ(7), ɛ(6)","o, u, ɔ",3,220,"o, u, ɔ",3,"u(178), o(35), ɔ(7)",S4,侯,*əu,ɤ(54),54,54,1.0,ɤ,monophthong,ɤ,back_unrounded,54,1.0,monophthong_only,ɤ,ɤ,ɤ,,,,,ɤ,s4_mono_outside_core_inventory,ɤ/ɯ类单音化
NT01,南通金沙镇,太湖片-毗陵小片,S0+S1+S2+S3,"o, u, æ, ɑ",4,108,"o, u, æ, ɑ",4,"u(60), æ(26), o(12), ɑ(10)","o, u, ɑ",3,82,"o, u, ɑ",3,"u(60), o(12), ɑ(10)",S4,侯,*əu,ᴇ(22),22,22,1.0,ᴇ,monophthong,ᴇ,e_like,22,1.0,monophthong_only,ᴇ,ᴇ,,,,,,ᴇ,s4_mono_outside_core_inventory,e类单音化
PB01,彭埠镇,太湖片-杭州小片,S0+S1+S2+S3,"a, o, u, ø",4,259,"a, o, u, ø",4,"o(119), u(112), a(27), ø(1)","o, u",2,231,"o, u",2,"o(119), u(112)",S4,侯,*əu,"ø(28), io(11), o(1)",40,29,0.725,ø,monophthong,ø,front_rounded,28,0.7,mixed_mono_and_diphthong,"o, ø","o, ø",o,io,,"o, ø",o,,all_s4_mono_in_core_inventory,混合
PH01,平湖城关,太湖片-苏沪嘉小片,S0+S1+S2+S3,"a, o, u",3,277,"a, o, u",3,"u(170), a(56), o(51)","o, u",2,221,"o, u",2,"u(170), o(51)",S4,侯,*əu,əw(54),54,0,0.0,əw,diphthong_or_glide,,,54,1.0,diphthong_or_glide_only,,,,əw,,,,,no_s4_monophthong,未单音化
QD01,启东吕四,太湖片-毗陵小片,S0+S1+S2+S3,"a, o, u, ɛ, ɤ",5,275,"a, o, u, ɛ, ɤ",5,"ɤ(119), u(102), a(37), o(12), ɛ(5)","o, u, ɤ",3,233,"o, u, ɤ",3,"ɤ(119), u(102), o(12)",S4,侯,*əu,"ei(52), ie(1)",53,0,0.0,ei,diphthong_or_glide,,,52,0.9811320754716981,diphthong_or_glide_only,,,,"ei, ie",,,,,no_s4_monophthong,未单音化
QP01,青浦商榻,太湖片-苏沪嘉小片,S0+S1+S2+S3,"u, ɐ, ɒ, ɛ, ʊ",5,190,"u, ɐ, ɒ, ɛ, ʊ",5,"u(65), ʊ(63), ɒ(59), ɛ(2), ɐ(1)","u, ɒ, ʊ",3,187,"u, ɒ, ʊ",3,"u(65), ʊ(63), ɒ(59)",S4,侯,*əu,"iəu(50), u(1)",51,1,0.0196078431372549,iəu,diphthong_or_glide,,,50,0.9803921568627451,mixed_mono_and_diphthong,u,u,u,iəu,,u,u,,all_s4_mono_in_core_back_inventory,混合
SH01,上海市区,太湖片-苏沪嘉小片,S0+S1+S2+S3,"i, o, u, ɔ, ᴀ, ᴇ",6,376,"i, o, u, ɔ, ᴀ, ᴇ",6,"u(232), o(69), ᴀ(68), ᴇ(5), i(1), ɔ(1)","o, u, ɔ",3,302,"o, u, ɔ",3,"u(232), o(69), ɔ(1)",S4,侯,*əu,ɤ(66),66,66,1.0,ɤ,monophthong,ɤ,back_unrounded,66,1.0,monophthong_only,ɤ,ɤ,ɤ,,,,,ɤ,s4_mono_outside_core_inventory,ɤ/ɯ类单音化
SJ01,松江镇,太湖片-苏沪嘉小片,S0+S1+S2+S3,"e, o, u, ɑ, ɔ, ɛ",6,382,"e, o, u, ɑ, ɔ, ɛ",6,"u(221), ɑ(81), o(69), ɔ(9), ɛ(1), e(1)","o, u, ɑ, ɔ",4,380,"o, u, ɑ, ɔ",4,"u(221), ɑ(81), o(69), ɔ(9)",S4,侯,*əu,"ɯ(65), u(1)",66,66,1.0,ɯ,monophthong,ɯ,back_unrounded,65,0.9848484848484849,monophthong_only,"u, ɯ","u, ɯ","u, ɯ",,,u,u,ɯ,partial_s4_mono_in_core_inventory,ɤ/ɯ类单音化
SJ02,泗泾,太湖片-苏沪嘉小片,S0+S1+S2+S3,"i, o, u, ɑ",4,208,"i, o, u, ɑ",4,"u(118), ɑ(48), o(41), i(1)","o, u, ɑ",3,207,"o, u, ɑ",3,"u(118), ɑ(48), o(41)",S4,侯,*əu,ɯ(42),42,42,1.0,ɯ,monophthong,ɯ,back_unrounded,42,1.0,monophthong_only,ɯ,ɯ,ɯ,,,,,ɯ,s4_mono_outside_core_inventory,ɤ/ɯ类单音化
SL01,三林,太湖片-苏沪嘉小片,S0+S1+S2+S3,"e, o, u, ɔ, ɤ, ᴀ",6,230,"e, o, u, ɔ, ɤ, ᴀ",6,"u(154), ᴀ(48), o(22), ɔ(4), ɤ(1), e(1)","o, u, ɔ, ɤ",4,181,"o, u, ɔ, ɤ",4,"u(154), o(22), ɔ(4), ɤ(1)",S4,侯,*əu,ɤ(42),42,42,1.0,ɤ,monophthong,ɤ,back_unrounded,42,1.0,monophthong_only,ɤ,ɤ,ɤ,,,ɤ,ɤ,,all_s4_mono_in_core_back_inventory,ɤ/ɯ类单音化
SX01,绍兴城区东头埭,太湖片-临绍小片,S0+S1+S2+S3,"a, o, u, ɒ",4,387,"a, o, u, ɒ",4,"o(186), u(148), a(52), ɒ(1)","o, u, ɒ",3,335,"o, u, ɒ",3,"o(186), u(148), ɒ(1)",S4,侯,*əu,ɤ(62),62,62,1.0,ɤ,monophthong,ɤ,back_unrounded,62,1.0,monophthong_only,ɤ,ɤ,ɤ,,,,,ɤ,s4_mono_outside_core_inventory,ɤ/ɯ类单音化
SY02,上虞百官镇,太湖片-临绍小片,S0+S1+S2+S3,"o, u, y, ɐ, ᴇ",5,308,"o, u, y, ɐ, ᴇ",5,"o(136), u(114), ɐ(46), y(10), ᴇ(2)","o, u",2,250,"o, u",2,"o(136), u(114)",S4,侯,*əu,"ə(59), iə(1)",60,59,0.9833333333333333,ə,monophthong,ə,central,59,0.9833333333333333,mixed_mono_and_diphthong,ə,ə,,iə,,,,ə,s4_mono_outside_core_inventory,混合
SZ01,苏州城区,太湖片-苏沪嘉小片,S0+S1+S2+S3,"i, o, ɑ, ɪ, ᴇ",5,140,"i, o, ɑ, ɪ, ᴇ",5,"o(67), ɑ(65), ɪ(4), ᴇ(3), i(1)","o, ɑ",2,132,"o, ɑ",2,"o(67), ɑ(65)",S4,侯,*əu,øʏ(65),65,0,0.0,øʏ,diphthong_or_glide,,,65,1.0,diphthong_or_glide_only,,,,øʏ,,,,,no_s4_monophthong,未单音化
SZ02,嵊州长乐,太湖片-临绍小片,S0+S1+S2+S3,"a, i, o, u, ɔ, ᴇ",6,322,"a, i, o, u, ɔ, ᴇ",6,"u(109), o(95), ɔ(65), a(51), i(1), ᴇ(1)","o, u, ɔ",3,269,"o, u, ɔ",3,"u(109), o(95), ɔ(65)",S4,侯,*əu,"øy(48), iøy(10)",58,0,0.0,øy,diphthong_or_glide,,,48,0.8275862068965517,diphthong_or_glide_only,,,,"iøy, øy",,,,,no_s4_monophthong,未单音化
SZ03,嵊州崇仁镇,太湖片-临绍小片,S0+S1+S2+S3,"a, e, u, ɤ",4,320,"a, e, u, ɤ",4,"ɤ(154), u(116), a(49), e(1)","u, ɤ",2,270,"u, ɤ",2,"ɤ(154), u(116)",S4,侯,*əu,"ʏ(57), iʏ(1)",58,57,0.9827586206896551,ʏ,monophthong,ʏ,front_rounded,57,0.9827586206896551,mixed_mono_and_diphthong,ʏ,ʏ,,iʏ,,,,ʏ,s4_mono_outside_core_inventory,混合
TC01,太仓沙溪,太湖片-苏沪嘉小片,S0+S1+S2+S3,"a, i, o, u, ɔ, ɛ",6,211,"a, i, o, u, ɔ, ɛ",6,"u(73), o(70), a(61), ɛ(4), ɔ(2), i(1)","o, u, ɔ",3,145,"o, u, ɔ",3,"u(73), o(70), ɔ(2)",S4,侯,*əu,"ei(57), u(1)",58,1,0.017241379310344827,ei,diphthong_or_glide,,,57,0.9827586206896551,mixed_mono_and_diphthong,u,u,u,ei,,u,u,,all_s4_mono_in_core_back_inventory,混合
TC02,太仓城厢,太湖片-苏沪嘉小片,S0+S1+S2+S3,"a, o, u, ᴇ",4,214,"a, o, u, ᴇ",4,"o(79), u(79), a(55), ᴇ(1)","o, u",2,158,"o, u",2,"o(79), u(79)",S4,侯,*əu,"o(64), u(1)",65,65,1.0,o,monophthong,o,u_o_like,64,0.9846153846153847,monophthong_only,"o, u","o, u","o, u",,,"o, u","o, u",,all_s4_mono_in_core_back_inventory,u/o类单音化
TL01,桐庐镇,太湖片-临绍小片,S0+S1+S2+S3,"a, u, ɔ, ɛ",4,243,"a, u, ɔ, ɛ",4,"u(194), a(47), ɛ(1), ɔ(1)","u, ɔ",2,195,"u, ɔ",2,"u(194), ɔ(1)",S4,侯,*əu,e(56),56,56,1.0,e,monophthong,e,e_like,56,1.0,monophthong_only,e,e,,,,,,e,s4_mono_outside_core_inventory,e类单音化
TX01,桐乡城区,太湖片-苏沪嘉小片,S0+S1+S2+S3,"a, o, u, ɛ",4,256,"a, o, u, ɛ",4,"u(134), a(69), o(52), ɛ(1)","o, u",2,186,"o, u",2,"u(134), o(52)",S4,侯,*əu,əɯ(37),37,0,0.0,əɯ,diphthong_or_glide,,,37,1.0,diphthong_or_glide_only,,,,əɯ,,,,,no_s4_monophthong,未单音化
WJ01,吴江市松陵,太湖片-苏沪嘉小片,S0+S1+S2+S3,"a, o, u, ɔ, ɪ, ᴇ",6,154,"a, o, u, ɔ, ɪ, ᴇ",6,"o(55), ɔ(50), u(44), ᴇ(2), ɪ(2), a(1)","o, u, ɔ",3,149,"o, u, ɔ",3,"o(55), ɔ(50), u(44)",S4,侯,*əu,iəu(57),57,0,0.0,iəu,diphthong_or_glide,,,57,1.0,diphthong_or_glide_only,,,,iəu,,,,,no_s4_monophthong,未单音化
WJ02,吴江芦墟,太湖片-苏沪嘉小片,S0+S1+S2+S3,"i, o, u, ɔ",4,120,"i, o, u, ɔ",4,"o(44), ɔ(39), u(36), i(1)","o, u, ɔ",3,119,"o, u, ɔ",3,"o(44), ɔ(39), u(36)",S4,侯,*əu,iəu(45),45,0,0.0,iəu,diphthong_or_glide,,,45,1.0,diphthong_or_glide_only,,,,iəu,,,,,no_s4_monophthong,未单音化
WX01,无锡城区,太湖片-苏沪嘉小片,S0+S1+S2+S3,"a, u, ʌ",3,147,"a, u, ʌ",3,"u(79), a(66), ʌ(2)","u, ʌ",2,81,"u, ʌ",2,"u(79), ʌ(2)",S4,侯,*əu,"ei(57), əɯ(1)",58,0,0.0,ei,diphthong_or_glide,,,57,0.9827586206896551,diphthong_or_glide_only,,,,"ei, əɯ",,,,,no_s4_monophthong,未单音化
WX02,吴县光福镇,太湖片-苏沪嘉小片,S0+S1+S2+S3,"a, o, u, æ, ɛ",5,140,"a, o, u, æ, ɛ",5,"o(58), a(51), u(27), ɛ(3), æ(1)","o, u",2,85,"o, u",2,"o(58), u(27)",S4,侯,*əu,ei(60),60,0,0.0,ei,diphthong_or_glide,,,60,1.0,diphthong_or_glide_only,,,,ei,,,,,no_s4_monophthong,未单音化
XC01,新昌城关,太湖片-临绍小片,S0+S1+S2+S3,"a, o, o̞, u, ɛ",5,282,"a, o, u, ɛ",4,"o(137), u(96), a(46), ɛ(3)","o, o̞, u",3,233,"o, u",2,"o(137), u(96)",S4,侯,*əu,"iɯ(40), ɯ(2)",42,2,0.047619047619047616,iɯ,diphthong_or_glide,,,40,0.9523809523809523,mixed_mono_and_diphthong,ɯ,ɯ,ɯ,iɯ,,,,ɯ,s4_mono_outside_core_inventory,混合
XD01,新登下港,太湖片-临绍小片,S0+S1+S2+S3,"a, o, u, ɔ, ɛ",5,304,"a, o, u, ɔ, ɛ",5,"u(214), o(43), a(40), ɛ(4), ɔ(3)","o, u, ɔ",3,260,"o, u, ɔ",3,"u(214), o(43), ɔ(3)",S4,侯,*əu,"əʊ(33), iʊ(25), ɛ(1), u(1)",60,2,0.03333333333333333,əʊ,diphthong_or_glide,,,33,0.55,mixed_mono_and_diphthong,"u, ɛ","u, ɛ",u,"iʊ, əʊ",,"u, ɛ",u,,all_s4_mono_in_core_inventory,混合
XH02,萧山城厢,太湖片-临绍小片,S0+S1+S2+S3,"a, e, o, u",4,318,"a, e, o, u",4,"o(153), u(115), a(49), e(1)","o, u",2,268,"o, u",2,"o(153), u(115)",S4,侯,*əu,"io(51), ɒ(1)",52,1,0.019230769230769232,io,diphthong_or_glide,,,51,0.9807692307692307,mixed_mono_and_diphthong,ɒ,ɒ,ɒ,io,,,,ɒ,s4_mono_outside_core_inventory,混合
XS01,象山丹城,太湖片-甬江小片,S0+S1+S2+S3,"a, o, u, ɛ",4,324,"a, o, u, ɛ",4,"o(146), u(127), a(50), ɛ(1)","o, u",2,273,"o, u",2,"o(146), u(127)",S4,侯,*əu,ou(54),54,0,0.0,ou,diphthong_or_glide,,,54,1.0,diphthong_or_glide_only,,,,ou,,,,,no_s4_monophthong,未单音化
XS03,萧山南阳镇,太湖片-临绍小片,S0+S1+S2+S3,"a, o, u",3,267,"a, o, u",3,"o(121), u(112), a(34)","o, u",2,233,"o, u",2,"o(121), u(112)",S4,侯,*əu,"ø(31), iø(11)",42,31,0.7380952380952381,ø,monophthong,ø,front_rounded,31,0.7380952380952381,mixed_mono_and_diphthong,ø,ø,,iø,,,,ø,s4_mono_outside_core_inventory,混合
XZ01,莘庄,太湖片-苏沪嘉小片,S0+S1+S2+S3,"e, o, u, ɔ, ɛ, ɤ, ᴀ",7,242,"e, o, u, ɔ, ɛ, ɤ, ᴀ",7,"u(142), ᴀ(49), o(43), ɔ(5), ɤ(1), ɛ(1), e(1)","o, u, ɔ, ɤ",4,191,"o, u, ɔ, ɤ",4,"u(142), o(43), ɔ(5), ɤ(1)",S4,侯,*əu,ɤ(41),41,41,1.0,ɤ,monophthong,ɤ,back_unrounded,41,1.0,monophthong_only,ɤ,ɤ,ɤ,,,ɤ,ɤ,,all_s4_mono_in_core_back_inventory,ɤ/ɯ类单音化
YQ01,於潜,太湖片-临绍小片,S0+S1+S2+S3,"a, o, u",3,250,"a, o, u",3,"u(204), a(44), o(2)","o, u",2,206,"o, u",2,"u(204), o(2)",S4,侯,*əu,iu(55),55,0,0.0,iu,diphthong_or_glide,,,55,1.0,diphthong_or_glide_only,,,,iu,,,,,no_s4_monophthong,未单音化
YX01,宜兴,太湖片-毗陵小片,S0+S1+S2+S3,"a, o, u, ɛ, ɷ",5,280,"a, o, u, ɛ, ɷ",5,"u(106), ɷ(82), o(64), a(27), ɛ(1)","o, u, ɷ",3,252,"o, u, ɷ",3,"u(106), ɷ(82), o(64)",S4,侯,*əu,əu(56),56,0,0.0,əu,diphthong_or_glide,,,56,1.0,diphthong_or_glide_only,,,,əu,,,,,no_s4_monophthong,未单音化
YX02,鄞县中区,太湖片-甬江小片,S0+S1+S2+S3,"a, e, o, u",4,211,"a, e, o, u",4,"u(105), o(65), a(40), e(1)","o, u",2,170,"o, u",2,"u(105), o(65)",S4,侯,*əu,œʏ(54),54,0,0.0,œʏ,diphthong_or_glide,,,54,1.0,diphthong_or_glide_only,,,,œʏ,,,,,no_s4_monophthong,未单音化
YY01,余姚城关,太湖片-临绍小片,S0+S1+S2+S3,"a, o, u",3,217,"a, o, u",3,"u(94), o(73), a(50)","o, u",2,167,"o, u",2,"u(94), o(73)",S4,侯,*əu,"ø(55), iø(3)",58,55,0.9482758620689655,ø,monophthong,ø,front_rounded,55,0.9482758620689655,mixed_mono_and_diphthong,ø,ø,,iø,,,,ø,s4_mono_outside_core_inventory,混合
ZJ01,诸暨城关,太湖片-临绍小片,S0+S1+S2+S3,"a, o, u",3,176,"a, o, u",3,"u(82), a(47), o(47)","o, u",2,129,"o, u",2,"u(82), o(47)",S4,侯,*əu,"ei(23), y(20)",43,20,0.46511627906976744,ei,diphthong_or_glide,,,23,0.5348837209302325,mixed_mono_and_diphthong,y,y,,ei,,,,y,s4_mono_outside_core_inventory,混合
ZJ02,诸暨璜山镇,太湖片-临绍小片,S0+S1+S2+S3,"a, u, ʊ",3,215,"a, u, ʊ",3,"u(112), ʊ(56), a(47)","u, ʊ",2,168,"u, ʊ",2,"u(112), ʊ(56)",S4,侯,*əu,"ɤɯ(25), ʏ(24)",49,24,0.4897959183673469,ɤɯ,diphthong_or_glide,,,25,0.5102040816326531,mixed_mono_and_diphthong,ʏ,ʏ,,ɤɯ,,,,ʏ,s4_mono_outside_core_inventory,混合
ZJ03,诸暨直埠镇,太湖片-临绍小片,S0+S1+S2+S3,"a, o, u",3,165,"a, o, u",3,"u(87), o(44), a(34)","o, u",2,131,"o, u",2,"u(87), o(44)",S4,侯,*əu,"ei(22), y(14)",36,14,0.3888888888888889,ei,diphthong_or_glide,,,22,0.6111111111111112,mixed_mono_and_diphthong,y,y,,ei,,,,y,s4_mono_outside_core_inventory,混合
ZP01,周浦,太湖片-苏沪嘉小片,S0+S1+S2+S3,"e, o, u, ɔ, ɤ, ᴀ",6,230,"e, o, u, ɔ, ɤ, ᴀ",6,"u(152), ᴀ(48), o(22), ɔ(6), ɤ(1), e(1)","o, u, ɔ, ɤ",4,181,"o, u, ɔ, ɤ",4,"u(152), o(22), ɔ(6), ɤ(1)",S4,侯,*əu,ɤ(42),42,42,1.0,ɤ,monophthong,ɤ,back_unrounded,42,1.0,monophthong_only,ɤ,ɤ,ɤ,,,ɤ,ɤ,,all_s4_mono_in_core_back_inventory,ɤ/ɯ类单音化
ZR01,真如,太湖片-苏沪嘉小片,S0+S1+S2+S3,"o, u, ɔ, ᴀ",4,235,"o, u, ɔ, ᴀ",4,"u(156), ᴀ(45), o(29), ɔ(5)","o, u, ɔ",3,190,"o, u, ɔ",3,"u(156), o(29), ɔ(5)",S4,侯,*əu,ɤ(42),42,42,1.0,ɤ,monophthong,ɤ,back_unrounded,42,1.0,monophthong_only,ɤ,ɤ,ɤ,,,,,ɤ,s4_mono_outside_core_inventory,ɤ/ɯ类单音化
ZS01,舟山定海,太湖片-甬江小片,S0+S1+S2+S3,"a, o, u, ɛ",4,238,"a, o, u, ɛ",4,"u(119), o(72), a(46), ɛ(1)","o, u",2,191,"o, u",2,"u(119), o(72)",S4,侯,*əu,ai(53),53,0,0.0,ai,diphthong_or_glide,,,53,1.0,diphthong_or_glide_only,,,,ai,,,,,no_s4_monophthong,未单音化
