point_id,point_name,subbranch,chain_slot,total_tokens,eligible_tokens,clear_split_tokens,i_medial_tokens,i_offglide_tokens,non_core_diphthong_tokens,medial_pending_tokens,checked_or_coda_tokens,monophthong_tokens,point_count,value_types,clear_split_values,clear_split_rate,raw_clear_split_share,medial_pending_share,i_offglide_share,non_core_diphthong_share
AJ01,安吉安城,太湖片-苕溪小片,S0,44,38,0,4,0,0,0,2,38,1,4,,0.0,0.0,0.0,0.0,0.0
AJ01,安吉安城,太湖片-苕溪小片,S1,77,69,0,8,0,0,0,0,69,1,4,,0.0,0.0,0.0,0.0,0.0
AJ01,安吉安城,太湖片-苕溪小片,S2,94,94,0,0,0,0,0,0,94,1,4,,0.0,0.0,0.0,0.0,0.0
AJ01,安吉安城,太湖片-苕溪小片,S3,91,91,0,0,0,0,0,0,91,1,3,,0.0,0.0,0.0,0.0,0.0
BL01,北仑城关,太湖片-甬江小片,S0,46,43,0,3,0,0,0,0,43,1,4,,0.0,0.0,0.0,0.0,0.0
BL01,北仑城关,太湖片-甬江小片,S1,68,49,0,6,0,0,13,0,49,1,5,,0.0,0.0,0.19117647058823528,0.0,0.0
BL01,北仑城关,太湖片-甬江小片,S2,100,11,0,0,0,88,1,0,11,1,4,,0.0,0.0,0.01,0.0,0.88
BL01,北仑城关,太湖片-甬江小片,S3,114,103,0,0,0,10,0,0,103,1,3,,0.0,0.0,0.0,0.0,0.08771929824561403
BS01,宝山,太湖片-苏沪嘉小片,S0,40,38,0,2,0,0,0,0,38,1,5,,0.0,0.0,0.0,0.0,0.0
BS01,宝山,太湖片-苏沪嘉小片,S1,59,52,0,7,0,0,0,0,52,1,3,,0.0,0.0,0.0,0.0,0.0
BS01,宝山,太湖片-苏沪嘉小片,S2,75,75,0,0,0,0,0,0,75,1,2,,0.0,0.0,0.0,0.0,0.0
BS01,宝山,太湖片-苏沪嘉小片,S3,110,110,0,0,0,0,0,0,110,1,1,,0.0,0.0,0.0,0.0,0.0
BZ01,堡镇,太湖片-苏沪嘉小片,S0,34,29,0,5,0,0,0,0,29,1,4,,0.0,0.0,0.0,0.0,0.0
BZ01,堡镇,太湖片-苏沪嘉小片,S1,52,44,0,7,0,0,1,0,44,1,4,,0.0,0.0,0.019230769230769232,0.0,0.0
BZ01,堡镇,太湖片-苏沪嘉小片,S2,66,66,0,0,0,0,0,0,66,1,3,,0.0,0.0,0.0,0.0,0.0
BZ01,堡镇,太湖片-苏沪嘉小片,S3,95,95,0,0,0,0,0,0,95,1,1,,0.0,0.0,0.0,0.0,0.0
CM01,崇明城关,太湖片-苏沪嘉小片,S0,49,43,0,6,0,0,0,0,43,1,5,,0.0,0.0,0.0,0.0,0.0
CM01,崇明城关,太湖片-苏沪嘉小片,S1,67,60,0,5,0,0,2,0,60,1,4,,0.0,0.0,0.029850746268656716,0.0,0.0
CM01,崇明城关,太湖片-苏沪嘉小片,S2,105,97,0,0,0,0,1,0,97,1,6,,0.0,0.0,0.009523809523809525,0.0,0.0
CM01,崇明城关,太湖片-苏沪嘉小片,S3,122,120,0,0,0,0,0,0,120,1,3,,0.0,0.0,0.0,0.0,0.0
CS01,川沙浦东,太湖片-苏沪嘉小片,S0,43,37,0,6,0,0,0,0,37,1,4,,0.0,0.0,0.0,0.0,0.0
CS01,川沙浦东,太湖片-苏沪嘉小片,S1,65,46,0,19,0,0,0,0,46,1,5,,0.0,0.0,0.0,0.0,0.0
CS01,川沙浦东,太湖片-苏沪嘉小片,S2,92,92,0,0,0,0,0,0,92,1,4,,0.0,0.0,0.0,0.0,0.0
CS01,川沙浦东,太湖片-苏沪嘉小片,S3,117,116,0,1,0,0,0,0,116,1,2,,0.0,0.0,0.0,0.0,0.0
CS02,常熟虞山镇,太湖片-苏沪嘉小片,S0,34,32,0,2,0,0,0,0,32,1,4,,0.0,0.0,0.0,0.0,0.0
CS02,常熟虞山镇,太湖片-苏沪嘉小片,S1,65,56,0,9,0,0,0,0,56,1,3,,0.0,0.0,0.0,0.0,0.0
CS02,常熟虞山镇,太湖片-苏沪嘉小片,S2,85,84,0,0,0,0,0,1,84,1,5,,0.0,0.0,0.0,0.0,0.0
CS02,常熟虞山镇,太湖片-苏沪嘉小片,S3,94,94,0,0,0,0,0,0,94,1,2,,0.0,0.0,0.0,0.0,0.0
CX01,慈溪逍林,太湖片-临绍小片,S0,45,38,1,7,0,0,0,0,37,1,6,ou,0.02631578947368421,0.022222222222222223,0.0,0.0,0.0
CX01,慈溪逍林,太湖片-临绍小片,S1,68,60,0,8,0,0,0,0,60,1,4,,0.0,0.0,0.0,0.0,0.0
CX01,慈溪逍林,太湖片-临绍小片,S2,81,81,72,0,0,0,0,0,9,1,3,ou,0.8888888888888888,0.8888888888888888,0.0,0.0,0.0
CX01,慈溪逍林,太湖片-临绍小片,S3,104,104,14,0,0,0,0,0,90,1,2,ou,0.1346153846153846,0.1346153846153846,0.0,0.0,0.0
CX02,长兴,太湖片-苕溪小片,S0,37,32,0,5,0,0,0,0,32,1,3,,0.0,0.0,0.0,0.0,0.0
CX02,长兴,太湖片-苕溪小片,S1,57,52,0,5,0,0,0,0,52,1,3,,0.0,0.0,0.0,0.0,0.0
CX02,长兴,太湖片-苕溪小片,S2,61,61,39,0,0,0,0,0,22,1,4,əu,0.639344262295082,0.639344262295082,0.0,0.0,0.0
CX02,长兴,太湖片-苕溪小片,S3,85,85,54,0,0,0,0,0,31,1,3,əu,0.6352941176470588,0.6352941176470588,0.0,0.0,0.0
CZ01,常州,太湖片-毗陵小片,S0,49,36,0,11,2,0,0,0,36,1,4,,0.0,0.0,0.0,0.04081632653061224,0.0
CZ01,常州,太湖片-毗陵小片,S1,84,59,0,25,0,0,0,0,59,1,3,,0.0,0.0,0.0,0.0,0.0
CZ01,常州,太湖片-毗陵小片,S2,97,97,92,0,0,0,0,0,5,1,3,ɤɯ,0.9484536082474226,0.9484536082474226,0.0,0.0,0.0
CZ01,常州,太湖片-毗陵小片,S3,115,106,7,0,0,1,0,1,99,1,5,ɤɯ,0.0660377358490566,0.06086956521739131,0.0,0.0,0.008695652173913044
DB01,郎溪梅渚镇定埠,太湖片-毗陵小片,S0,39,37,0,2,0,0,0,0,37,1,3,,0.0,0.0,0.0,0.0,0.0
DB01,郎溪梅渚镇定埠,太湖片-毗陵小片,S1,69,59,0,10,0,0,0,0,59,1,2,,0.0,0.0,0.0,0.0,0.0
DB01,郎溪梅渚镇定埠,太湖片-毗陵小片,S2,79,77,0,0,0,0,0,2,77,1,4,,0.0,0.0,0.0,0.0,0.0
DB01,郎溪梅渚镇定埠,太湖片-毗陵小片,S3,114,103,0,0,0,0,0,0,103,1,3,,0.0,0.0,0.0,0.0,0.0
DQ01,德清乾元,太湖片-苕溪小片,S0,43,36,0,7,0,0,0,0,36,1,3,,0.0,0.0,0.0,0.0,0.0
DQ01,德清乾元,太湖片-苕溪小片,S1,70,61,0,9,0,0,0,0,61,1,4,,0.0,0.0,0.0,0.0,0.0
DQ01,德清乾元,太湖片-苕溪小片,S2,100,98,0,0,0,0,0,2,98,1,6,,0.0,0.0,0.0,0.0,0.0
DQ01,德清乾元,太湖片-苕溪小片,S3,110,109,0,0,0,0,0,1,109,1,2,,0.0,0.0,0.0,0.0,0.0
DS01,岱山岱西镇,太湖片-甬江小片,S0,43,39,0,4,0,0,0,0,39,1,5,,0.0,0.0,0.0,0.0,0.0
DS01,岱山岱西镇,太湖片-甬江小片,S1,71,61,0,10,0,0,0,0,61,1,5,,0.0,0.0,0.0,0.0,0.0
DS01,岱山岱西镇,太湖片-甬江小片,S2,93,93,79,0,0,0,0,0,14,1,6,ɐu,0.8494623655913979,0.8494623655913979,0.0,0.0,0.0
DS01,岱山岱西镇,太湖片-甬江小片,S3,122,122,11,0,0,0,0,0,111,1,2,ɐu,0.09016393442622951,0.09016393442622951,0.0,0.0,0.0
DY01,丹阳,太湖片-毗陵小片,S0,52,43,0,9,0,0,0,0,43,1,4,,0.0,0.0,0.0,0.0,0.0
DY01,丹阳,太湖片-毗陵小片,S1,58,31,0,27,0,0,0,0,31,1,2,,0.0,0.0,0.0,0.0,0.0
DY01,丹阳,太湖片-毗陵小片,S2,95,93,0,0,0,0,1,1,93,1,5,,0.0,0.0,0.010526315789473684,0.0,0.0
DY01,丹阳,太湖片-毗陵小片,S3,114,114,0,0,0,0,0,0,114,1,2,,0.0,0.0,0.0,0.0,0.0
FC01,奉城,太湖片-苏沪嘉小片,S0,34,30,0,4,0,0,0,0,30,1,3,,0.0,0.0,0.0,0.0,0.0
FC01,奉城,太湖片-苏沪嘉小片,S1,52,45,0,7,0,0,0,0,45,1,4,,0.0,0.0,0.0,0.0,0.0
FC01,奉城,太湖片-苏沪嘉小片,S2,65,65,0,0,0,0,0,0,65,1,6,,0.0,0.0,0.0,0.0,0.0
FC01,奉城,太湖片-苏沪嘉小片,S3,95,95,0,0,0,0,0,0,95,1,2,,0.0,0.0,0.0,0.0,0.0
FH01,奉化西坞,太湖片-甬江小片,S0,39,32,0,6,1,0,0,0,32,1,6,,0.0,0.0,0.0,0.02564102564102564,0.0
FH01,奉化西坞,太湖片-甬江小片,S1,61,55,0,6,0,0,0,0,55,1,3,,0.0,0.0,0.0,0.0,0.0
FH01,奉化西坞,太湖片-甬江小片,S2,85,85,71,0,0,0,0,0,14,1,4,əu,0.8352941176470589,0.8352941176470589,0.0,0.0,0.0
FH01,奉化西坞,太湖片-甬江小片,S3,106,106,4,0,0,0,0,0,102,1,3,əu,0.03773584905660377,0.03773584905660377,0.0,0.0,0.0
FJ01,枫泾镇,太湖片-苏沪嘉小片,S0,39,35,0,4,0,0,0,0,35,1,4,,0.0,0.0,0.0,0.0,0.0
FJ01,枫泾镇,太湖片-苏沪嘉小片,S1,60,51,0,9,0,0,0,0,51,1,4,,0.0,0.0,0.0,0.0,0.0
FJ01,枫泾镇,太湖片-苏沪嘉小片,S2,62,62,17,0,0,0,0,0,45,1,5,əu,0.27419354838709675,0.27419354838709675,0.0,0.0,0.0
FJ01,枫泾镇,太湖片-苏沪嘉小片,S3,94,94,16,0,0,0,0,0,78,1,3,əu,0.1702127659574468,0.1702127659574468,0.0,0.0,0.0
FX01,奉贤,太湖片-苏沪嘉小片,S0,39,32,0,7,0,0,0,0,32,1,5,,0.0,0.0,0.0,0.0,0.0
FX01,奉贤,太湖片-苏沪嘉小片,S1,70,59,0,11,0,0,0,0,59,1,4,,0.0,0.0,0.0,0.0,0.0
FX01,奉贤,太湖片-苏沪嘉小片,S2,73,73,0,0,0,0,0,0,73,1,6,,0.0,0.0,0.0,0.0,0.0
FX01,奉贤,太湖片-苏沪嘉小片,S3,109,109,0,0,0,0,0,0,109,1,2,,0.0,0.0,0.0,0.0,0.0
FY01,富阳城关,太湖片-临绍小片,S0,42,40,0,2,0,0,0,0,40,1,3,,0.0,0.0,0.0,0.0,0.0
FY01,富阳城关,太湖片-临绍小片,S1,70,64,0,6,0,0,0,0,64,1,3,,0.0,0.0,0.0,0.0,0.0
FY01,富阳城关,太湖片-临绍小片,S2,98,97,0,0,0,0,1,0,97,1,6,,0.0,0.0,0.01020408163265306,0.0,0.0
FY01,富阳城关,太湖片-临绍小片,S3,121,121,0,0,0,0,0,0,121,1,2,,0.0,0.0,0.0,0.0,0.0
FY02,富阳东梓关,太湖片-临绍小片,S0,45,32,0,10,0,0,3,0,32,1,5,,0.0,0.0,0.06666666666666667,0.0,0.0
FY02,富阳东梓关,太湖片-临绍小片,S1,63,1,0,8,0,0,54,0,1,1,3,,0.0,0.0,0.8571428571428571,0.0,0.0
FY02,富阳东梓关,太湖片-临绍小片,S2,86,83,0,0,0,0,3,0,83,1,6,,0.0,0.0,0.03488372093023256,0.0,0.0
FY02,富阳东梓关,太湖片-临绍小片,S3,108,108,0,0,0,0,0,0,108,1,1,,0.0,0.0,0.0,0.0,0.0
GQ01,高桥,太湖片-苏沪嘉小片,S0,34,29,0,5,0,0,0,0,29,1,5,,0.0,0.0,0.0,0.0,0.0
GQ01,高桥,太湖片-苏沪嘉小片,S1,52,45,0,7,0,0,0,0,45,1,4,,0.0,0.0,0.0,0.0,0.0
GQ01,高桥,太湖片-苏沪嘉小片,S2,64,64,0,0,0,0,0,0,64,1,3,,0.0,0.0,0.0,0.0,0.0
GQ01,高桥,太湖片-苏沪嘉小片,S3,95,95,0,0,0,0,0,0,95,1,2,,0.0,0.0,0.0,0.0,0.0
HM01,海门镇沙地话,太湖片-苏沪嘉小片,S0,59,49,0,10,0,0,0,0,49,1,5,,0.0,0.0,0.0,0.0,0.0
HM01,海门镇沙地话,太湖片-苏沪嘉小片,S1,82,61,0,20,0,0,1,0,61,1,4,,0.0,0.0,0.012195121951219513,0.0,0.0
HM01,海门镇沙地话,太湖片-苏沪嘉小片,S2,96,95,0,1,0,0,0,0,95,1,3,,0.0,0.0,0.0,0.0,0.0
HM01,海门镇沙地话,太湖片-苏沪嘉小片,S3,119,119,0,0,0,0,0,0,119,1,1,,0.0,0.0,0.0,0.0,0.0
HM02,海门四甲,太湖片-毗陵小片,S0,42,38,0,3,0,0,1,0,38,1,4,,0.0,0.0,0.023809523809523808,0.0,0.0
HM02,海门四甲,太湖片-毗陵小片,S1,75,43,15,16,0,0,16,0,28,1,5,ɯo,0.3488372093023256,0.2,0.21333333333333335,0.0,0.0
HM02,海门四甲,太湖片-毗陵小片,S2,116,115,0,1,0,0,0,0,115,1,4,,0.0,0.0,0.0,0.0,0.0
HM02,海门四甲,太湖片-毗陵小片,S3,121,121,0,0,0,0,0,0,121,1,2,,0.0,0.0,0.0,0.0,0.0
HN01,海宁城关,太湖片-苏沪嘉小片,S0,33,29,0,4,0,0,0,0,29,1,4,,0.0,0.0,0.0,0.0,0.0
HN01,海宁城关,太湖片-苏沪嘉小片,S1,64,59,0,5,0,0,0,0,59,1,3,,0.0,0.0,0.0,0.0,0.0
HN01,海宁城关,太湖片-苏沪嘉小片,S2,64,64,0,0,0,0,0,0,64,1,3,,0.0,0.0,0.0,0.0,0.0
HN01,海宁城关,太湖片-苏沪嘉小片,S3,107,106,0,0,0,0,0,0,106,1,3,,0.0,0.0,0.0,0.0,0.0
HY01,海盐县城,太湖片-苏沪嘉小片,S0,44,38,0,6,0,0,0,0,38,1,5,,0.0,0.0,0.0,0.0,0.0
HY01,海盐县城,太湖片-苏沪嘉小片,S1,59,54,0,5,0,0,0,0,54,1,4,,0.0,0.0,0.0,0.0,0.0
HY01,海盐县城,太湖片-苏沪嘉小片,S2,84,84,0,0,0,0,0,0,84,1,4,,0.0,0.0,0.0,0.0,0.0
HY01,海盐县城,太湖片-苏沪嘉小片,S3,109,107,0,0,0,0,0,1,107,1,4,,0.0,0.0,0.0,0.0,0.0
HZ01,杭州城区,太湖片-杭州小片,S0,37,18,0,19,0,0,0,0,18,1,4,,0.0,0.0,0.0,0.0,0.0
HZ01,杭州城区,太湖片-杭州小片,S1,66,35,0,31,0,0,0,0,35,1,3,,0.0,0.0,0.0,0.0,0.0
HZ01,杭州城区,太湖片-杭州小片,S2,80,80,0,0,0,0,0,0,80,1,3,,0.0,0.0,0.0,0.0,0.0
HZ01,杭州城区,太湖片-杭州小片,S3,110,110,0,0,0,0,0,0,110,1,2,,0.0,0.0,0.0,0.0,0.0
HZ02,湖州市区,太湖片-苕溪小片,S0,38,35,0,3,0,0,0,0,35,1,3,,0.0,0.0,0.0,0.0,0.0
HZ02,湖州市区,太湖片-苕溪小片,S1,61,55,0,6,0,0,0,0,55,1,3,,0.0,0.0,0.0,0.0,0.0
HZ02,湖州市区,太湖片-苕溪小片,S2,81,81,51,0,0,0,0,0,30,1,5,əu,0.6296296296296297,0.6296296296296297,0.0,0.0,0.0
HZ02,湖州市区,太湖片-苕溪小片,S3,110,108,80,0,0,0,0,0,28,1,4,əu,0.7407407407407407,0.7272727272727273,0.0,0.0,0.0
JD01,嘉定城关,太湖片-苏沪嘉小片,S0,47,38,0,9,0,0,0,0,38,1,5,,0.0,0.0,0.0,0.0,0.0
JD01,嘉定城关,太湖片-苏沪嘉小片,S1,72,64,0,8,0,0,0,0,64,1,4,,0.0,0.0,0.0,0.0,0.0
JD01,嘉定城关,太湖片-苏沪嘉小片,S2,91,91,0,0,0,0,0,0,91,1,3,,0.0,0.0,0.0,0.0,0.0
JD01,嘉定城关,太湖片-苏沪嘉小片,S3,119,119,0,0,0,0,0,0,119,1,2,,0.0,0.0,0.0,0.0,0.0
JJ01,靖江城区,太湖片-毗陵小片,S0,34,30,0,4,0,0,0,0,30,1,5,,0.0,0.0,0.0,0.0,0.0
JJ01,靖江城区,太湖片-毗陵小片,S1,30,23,0,7,0,0,0,0,23,1,2,,0.0,0.0,0.0,0.0,0.0
JJ01,靖江城区,太湖片-毗陵小片,S2,61,61,46,0,0,0,0,0,15,1,4,ʌɤ,0.7540983606557377,0.7540983606557377,0.0,0.0,0.0
JJ01,靖江城区,太湖片-毗陵小片,S3,52,52,8,0,0,0,0,0,44,1,2,ʌɤ,0.15384615384615385,0.15384615384615385,0.0,0.0,0.0
JS01,嘉善魏塘镇,太湖片-苏沪嘉小片,S0,49,46,0,3,0,0,0,0,46,1,5,,0.0,0.0,0.0,0.0,0.0
JS01,嘉善魏塘镇,太湖片-苏沪嘉小片,S1,77,72,0,5,0,0,0,0,72,1,3,,0.0,0.0,0.0,0.0,0.0
JS01,嘉善魏塘镇,太湖片-苏沪嘉小片,S2,99,99,0,0,0,0,0,0,99,1,5,,0.0,0.0,0.0,0.0,0.0
JS01,嘉善魏塘镇,太湖片-苏沪嘉小片,S3,122,122,0,0,0,0,0,0,122,1,2,,0.0,0.0,0.0,0.0,0.0
JS02,金山,太湖片-苏沪嘉小片,S0,41,36,0,5,0,0,0,0,36,1,5,,0.0,0.0,0.0,0.0,0.0
JS02,金山,太湖片-苏沪嘉小片,S1,64,55,0,9,0,0,0,0,55,1,5,,0.0,0.0,0.0,0.0,0.0
JS02,金山,太湖片-苏沪嘉小片,S2,73,73,0,0,0,0,0,0,73,1,6,,0.0,0.0,0.0,0.0,0.0
JS02,金山,太湖片-苏沪嘉小片,S3,110,110,0,0,0,0,0,0,110,1,2,,0.0,0.0,0.0,0.0,0.0
JT01,金坛,太湖片-毗陵小片,S0,55,30,0,20,5,0,0,0,30,1,5,,0.0,0.0,0.0,0.09090909090909091,0.0
JT01,金坛,太湖片-毗陵小片,S1,84,66,0,17,0,0,0,1,66,1,4,,0.0,0.0,0.0,0.0,0.0
JT01,金坛,太湖片-毗陵小片,S2,108,106,94,1,0,1,0,0,12,1,6,əu,0.8867924528301887,0.8703703703703703,0.0,0.0,0.009259259259259259
JT01,金坛,太湖片-毗陵小片,S3,127,123,9,0,0,1,0,1,114,1,5,əu,0.07317073170731707,0.07086614173228346,0.0,0.0,0.007874015748031496
JW01,江湾,太湖片-苏沪嘉小片,S0,34,30,0,4,0,0,0,0,30,1,5,,0.0,0.0,0.0,0.0,0.0
JW01,江湾,太湖片-苏沪嘉小片,S1,52,46,0,6,0,0,0,0,46,1,5,,0.0,0.0,0.0,0.0,0.0
JW01,江湾,太湖片-苏沪嘉小片,S2,64,64,0,0,0,0,0,0,64,1,2,,0.0,0.0,0.0,0.0,0.0
JW01,江湾,太湖片-苏沪嘉小片,S3,95,95,0,0,0,0,0,0,95,1,2,,0.0,0.0,0.0,0.0,0.0
JX01,嘉兴城区,太湖片-苏沪嘉小片,S0,43,38,0,5,0,0,0,0,38,1,4,,0.0,0.0,0.0,0.0,0.0
JX01,嘉兴城区,太湖片-苏沪嘉小片,S1,57,53,0,4,0,0,0,0,53,1,3,,0.0,0.0,0.0,0.0,0.0
JX01,嘉兴城区,太湖片-苏沪嘉小片,S2,64,64,0,0,0,0,0,0,64,1,3,,0.0,0.0,0.0,0.0,0.0
JX01,嘉兴城区,太湖片-苏沪嘉小片,S3,107,107,0,0,0,0,0,0,107,1,1,,0.0,0.0,0.0,0.0,0.0
JY01,江阴城区澄江镇,太湖片-毗陵小片,S0,42,36,0,6,0,0,0,0,36,1,3,,0.0,0.0,0.0,0.0,0.0
JY01,江阴城区澄江镇,太湖片-毗陵小片,S1,74,65,0,9,0,0,0,0,65,1,3,,0.0,0.0,0.0,0.0,0.0
JY01,江阴城区澄江镇,太湖片-毗陵小片,S2,105,105,85,0,0,0,0,0,20,1,5,əɯ,0.8095238095238095,0.8095238095238095,0.0,0.0,0.0
JY01,江阴城区澄江镇,太湖片-毗陵小片,S3,124,124,56,0,0,0,0,0,68,1,2,əɯ,0.45161290322580644,0.45161290322580644,0.0,0.0,0.0
KQ01,柯桥城关,太湖片-临绍小片,S0,49,44,0,5,0,0,0,0,44,1,4,,0.0,0.0,0.0,0.0,0.0
KQ01,柯桥城关,太湖片-临绍小片,S1,75,72,0,3,0,0,0,0,72,1,4,,0.0,0.0,0.0,0.0,0.0
KQ01,柯桥城关,太湖片-临绍小片,S2,117,116,0,1,0,0,0,0,116,1,4,,0.0,0.0,0.0,0.0,0.0
KQ01,柯桥城关,太湖片-临绍小片,S3,133,133,0,0,0,0,0,0,133,1,4,,0.0,0.0,0.0,0.0,0.0
KS01,昆山市区玉山镇,太湖片-苏沪嘉小片,S0,42,39,0,3,0,0,0,0,39,1,4,,0.0,0.0,0.0,0.0,0.0
KS01,昆山市区玉山镇,太湖片-苏沪嘉小片,S1,61,57,0,4,0,0,0,0,57,1,3,,0.0,0.0,0.0,0.0,0.0
KS01,昆山市区玉山镇,太湖片-苏沪嘉小片,S2,90,89,73,0,0,0,1,0,16,1,5,əu,0.8202247191011236,0.8111111111111111,0.011111111111111112,0.0,0.0
KS01,昆山市区玉山镇,太湖片-苏沪嘉小片,S3,119,118,91,0,0,0,0,0,27,1,4,əu,0.7711864406779662,0.7647058823529411,0.0,0.0,0.0
LA01,临安城区,太湖片-临绍小片,S0,45,39,0,6,0,0,0,0,39,1,3,,0.0,0.0,0.0,0.0,0.0
LA01,临安城区,太湖片-临绍小片,S1,67,61,0,6,0,0,0,0,61,1,3,,0.0,0.0,0.0,0.0,0.0
LA01,临安城区,太湖片-临绍小片,S2,83,83,0,0,0,0,0,0,83,1,3,,0.0,0.0,0.0,0.0,0.0
LA01,临安城区,太湖片-临绍小片,S3,118,118,0,0,0,0,0,0,118,1,2,,0.0,0.0,0.0,0.0,0.0
LP01,临平五杭,太湖片-苕溪小片,S0,41,34,0,5,0,0,2,0,34,1,4,,0.0,0.0,0.04878048780487805,0.0,0.0
LP01,临平五杭,太湖片-苕溪小片,S1,63,34,0,5,0,0,24,0,34,1,4,,0.0,0.0,0.38095238095238093,0.0,0.0
LP01,临平五杭,太湖片-苕溪小片,S2,81,78,0,0,0,0,2,1,78,1,5,,0.0,0.0,0.024691358024691357,0.0,0.0
LP01,临平五杭,太湖片-苕溪小片,S3,112,112,0,0,0,0,0,0,112,1,1,,0.0,0.0,0.0,0.0,0.0
LT01,练塘,太湖片-苏沪嘉小片,S0,34,30,0,4,0,0,0,0,30,1,3,,0.0,0.0,0.0,0.0,0.0
LT01,练塘,太湖片-苏沪嘉小片,S1,52,46,0,6,0,0,0,0,46,1,3,,0.0,0.0,0.0,0.0,0.0
LT01,练塘,太湖片-苏沪嘉小片,S2,64,64,0,0,0,0,0,0,64,1,4,,0.0,0.0,0.0,0.0,0.0
LT01,练塘,太湖片-苏沪嘉小片,S3,95,95,0,0,0,0,0,0,95,1,2,,0.0,0.0,0.0,0.0,0.0
LY01,溧阳,太湖片-毗陵小片,S0,33,28,0,5,0,0,0,0,28,1,4,,0.0,0.0,0.0,0.0,0.0
LY01,溧阳,太湖片-毗陵小片,S1,35,27,0,8,0,0,0,0,27,1,4,,0.0,0.0,0.0,0.0,0.0
LY01,溧阳,太湖片-毗陵小片,S2,58,58,54,0,0,0,0,0,4,1,4,ʌɯ,0.9310344827586207,0.9310344827586207,0.0,0.0,0.0
LY01,溧阳,太湖片-毗陵小片,S3,50,49,3,0,0,0,0,0,46,1,3,ʌɯ,0.061224489795918366,0.06,0.0,0.0,0.0
MH01,闵行,太湖片-苏沪嘉小片,S0,33,32,0,1,0,0,0,0,32,1,3,,0.0,0.0,0.0,0.0,0.0
MH01,闵行,太湖片-苏沪嘉小片,S1,53,46,0,7,0,0,0,0,46,1,6,,0.0,0.0,0.0,0.0,0.0
MH01,闵行,太湖片-苏沪嘉小片,S2,69,68,0,0,0,0,0,0,68,1,4,,0.0,0.0,0.0,0.0,0.0
MH01,闵行,太湖片-苏沪嘉小片,S3,106,106,0,0,0,0,0,0,106,1,2,,0.0,0.0,0.0,0.0,0.0
NB01,宁波市区,太湖片-甬江小片,S0,40,36,0,4,0,0,0,0,36,1,4,,0.0,0.0,0.0,0.0,0.0
NB01,宁波市区,太湖片-甬江小片,S1,66,53,0,4,0,0,9,0,53,1,5,,0.0,0.0,0.13636363636363635,0.0,0.0
NB01,宁波市区,太湖片-甬江小片,S2,85,85,68,0,0,0,0,0,17,1,5,əu,0.8,0.8,0.0,0.0,0.0
NB01,宁波市区,太湖片-甬江小片,S3,98,98,5,0,0,0,0,0,93,1,2,əu,0.05102040816326531,0.05102040816326531,0.0,0.0,0.0
NH01,南汇惠南镇,太湖片-苏沪嘉小片,S0,41,35,0,6,0,0,0,0,35,1,4,,0.0,0.0,0.0,0.0,0.0
NH01,南汇惠南镇,太湖片-苏沪嘉小片,S1,65,61,0,4,0,0,0,0,61,1,4,,0.0,0.0,0.0,0.0,0.0
NH01,南汇惠南镇,太湖片-苏沪嘉小片,S2,80,80,0,0,0,0,0,0,80,1,4,,0.0,0.0,0.0,0.0,0.0
NH01,南汇惠南镇,太湖片-苏沪嘉小片,S3,106,106,0,0,0,0,0,0,106,1,2,,0.0,0.0,0.0,0.0,0.0
NT01,南通金沙镇,太湖片-毗陵小片,S0,28,28,0,0,0,0,0,0,28,1,2,,0.0,0.0,0.0,0.0,0.0
NT01,南通金沙镇,太湖片-毗陵小片,S1,48,18,0,10,0,0,20,0,18,1,4,,0.0,0.0,0.4166666666666667,0.0,0.0
NT01,南通金沙镇,太湖片-毗陵小片,S2,59,58,53,0,0,0,0,1,5,1,3,ɤɯ,0.9137931034482759,0.8983050847457628,0.0,0.0,0.0
NT01,南通金沙镇,太湖片-毗陵小片,S3,59,59,5,0,0,0,0,0,54,1,2,ɤɯ,0.0847457627118644,0.0847457627118644,0.0,0.0,0.0
PB01,彭埠镇,太湖片-杭州小片,S0,27,24,0,3,0,0,0,0,24,1,3,,0.0,0.0,0.0,0.0,0.0
PB01,彭埠镇,太湖片-杭州小片,S1,52,45,0,7,0,0,0,0,45,1,3,,0.0,0.0,0.0,0.0,0.0
PB01,彭埠镇,太湖片-杭州小片,S2,81,81,0,0,0,0,0,0,81,1,4,,0.0,0.0,0.0,0.0,0.0
PB01,彭埠镇,太湖片-杭州小片,S3,107,107,0,0,0,0,0,0,107,1,2,,0.0,0.0,0.0,0.0,0.0
PH01,平湖城关,太湖片-苏沪嘉小片,S0,34,34,0,0,0,0,0,0,34,1,1,,0.0,0.0,0.0,0.0,0.0
PH01,平湖城关,太湖片-苏沪嘉小片,S1,59,58,0,1,0,0,0,0,58,1,3,,0.0,0.0,0.0,0.0,0.0
PH01,平湖城关,太湖片-苏沪嘉小片,S2,79,79,0,0,0,0,0,0,79,1,3,,0.0,0.0,0.0,0.0,0.0
PH01,平湖城关,太湖片-苏沪嘉小片,S3,103,103,0,0,0,0,0,0,103,1,2,,0.0,0.0,0.0,0.0,0.0
QD01,启东吕四,太湖片-毗陵小片,S0,43,34,0,7,0,0,2,0,34,1,4,,0.0,0.0,0.046511627906976744,0.0,0.0
QD01,启东吕四,太湖片-毗陵小片,S1,68,33,0,10,0,0,25,0,33,1,5,,0.0,0.0,0.36764705882352944,0.0,0.0
QD01,启东吕四,太湖片-毗陵小片,S2,91,91,0,0,0,0,0,0,91,1,2,,0.0,0.0,0.0,0.0,0.0
QD01,启东吕四,太湖片-毗陵小片,S3,115,115,0,0,0,0,0,0,115,1,2,,0.0,0.0,0.0,0.0,0.0
QP01,青浦商榻,太湖片-苏沪嘉小片,S0,42,36,0,6,0,0,0,0,36,1,4,,0.0,0.0,0.0,0.0,0.0
QP01,青浦商榻,太湖片-苏沪嘉小片,S1,73,63,0,10,0,0,0,0,63,1,3,,0.0,0.0,0.0,0.0,0.0
QP01,青浦商榻,太湖片-苏沪嘉小片,S2,95,94,53,1,0,0,0,0,41,1,6,əu,0.5638297872340425,0.5578947368421052,0.0,0.0,0.0
QP01,青浦商榻,太湖片-苏沪嘉小片,S3,116,115,67,0,0,0,0,1,48,1,4,əu,0.5826086956521739,0.5775862068965517,0.0,0.0,0.0
SH01,上海市区,太湖片-苏沪嘉小片,S0,49,45,0,4,0,0,0,0,45,1,5,,0.0,0.0,0.0,0.0,0.0
SH01,上海市区,太湖片-苏沪嘉小片,S1,79,72,0,7,0,0,0,0,72,1,3,,0.0,0.0,0.0,0.0,0.0
SH01,上海市区,太湖片-苏沪嘉小片,S2,119,119,0,0,0,0,0,0,119,1,4,,0.0,0.0,0.0,0.0,0.0
SH01,上海市区,太湖片-苏沪嘉小片,S3,136,136,0,0,0,0,0,0,136,1,3,,0.0,0.0,0.0,0.0,0.0
SJ01,松江镇,太湖片-苏沪嘉小片,S0,51,42,0,9,0,0,0,0,42,1,6,,0.0,0.0,0.0,0.0,0.0
SJ01,松江镇,太湖片-苏沪嘉小片,S1,101,86,0,15,0,0,0,0,86,1,5,,0.0,0.0,0.0,0.0,0.0
SJ01,松江镇,太湖片-苏沪嘉小片,S2,115,115,0,0,0,0,0,0,115,1,4,,0.0,0.0,0.0,0.0,0.0
SJ01,松江镇,太湖片-苏沪嘉小片,S3,135,135,0,0,0,0,0,0,135,1,3,,0.0,0.0,0.0,0.0,0.0
SJ02,泗泾,太湖片-苏沪嘉小片,S0,35,33,0,2,0,0,0,0,33,1,3,,0.0,0.0,0.0,0.0,0.0
SJ02,泗泾,太湖片-苏沪嘉小片,S1,52,45,0,7,0,0,0,0,45,1,3,,0.0,0.0,0.0,0.0,0.0
SJ02,泗泾,太湖片-苏沪嘉小片,S2,65,65,18,0,0,0,0,0,47,1,4,əu,0.27692307692307694,0.27692307692307694,0.0,0.0,0.0
SJ02,泗泾,太湖片-苏沪嘉小片,S3,95,95,14,0,0,0,0,0,81,1,3,əu,0.14736842105263157,0.14736842105263157,0.0,0.0,0.0
SL01,三林,太湖片-苏沪嘉小片,S0,35,31,0,4,0,0,0,0,31,1,4,,0.0,0.0,0.0,0.0,0.0
SL01,三林,太湖片-苏沪嘉小片,S1,52,38,0,14,0,0,0,0,38,1,5,,0.0,0.0,0.0,0.0,0.0
SL01,三林,太湖片-苏沪嘉小片,S2,64,64,0,0,0,0,0,0,64,1,4,,0.0,0.0,0.0,0.0,0.0
SL01,三林,太湖片-苏沪嘉小片,S3,95,95,0,0,0,0,0,0,95,1,2,,0.0,0.0,0.0,0.0,0.0
SX01,绍兴城区东头埭,太湖片-临绍小片,S0,49,41,0,7,0,0,0,1,41,1,6,,0.0,0.0,0.0,0.0,0.0
SX01,绍兴城区东头埭,太湖片-临绍小片,S1,76,73,0,3,0,0,0,0,73,1,3,,0.0,0.0,0.0,0.0,0.0
SX01,绍兴城区东头埭,太湖片-临绍小片,S2,122,121,0,1,0,0,0,0,121,1,4,,0.0,0.0,0.0,0.0,0.0
SX01,绍兴城区东头埭,太湖片-临绍小片,S3,148,148,0,0,0,0,0,0,148,1,3,,0.0,0.0,0.0,0.0,0.0
SY02,上虞百官镇,太湖片-临绍小片,S0,44,35,0,9,0,0,0,0,35,1,4,,0.0,0.0,0.0,0.0,0.0
SY02,上虞百官镇,太湖片-临绍小片,S1,61,59,0,2,0,0,0,0,59,1,3,,0.0,0.0,0.0,0.0,0.0
SY02,上虞百官镇,太湖片-临绍小片,S2,98,95,0,1,0,0,2,0,95,1,5,,0.0,0.0,0.02040816326530612,0.0,0.0
SY02,上虞百官镇,太湖片-临绍小片,S3,117,117,0,0,0,0,0,0,117,1,3,,0.0,0.0,0.0,0.0,0.0
SZ01,苏州城区,太湖片-苏沪嘉小片,S0,51,45,0,5,0,0,1,0,45,1,6,,0.0,0.0,0.0196078431372549,0.0,0.0
SZ01,苏州城区,太湖片-苏沪嘉小片,S1,82,69,0,13,0,0,0,0,69,1,4,,0.0,0.0,0.0,0.0,0.0
SZ01,苏州城区,太湖片-苏沪嘉小片,S2,107,96,81,0,0,0,0,0,15,1,5,əu,0.84375,0.7570093457943925,0.0,0.0,0.0
SZ01,苏州城区,太湖片-苏沪嘉小片,S3,122,102,94,0,0,0,0,0,8,1,3,əu,0.9215686274509803,0.7704918032786885,0.0,0.0,0.0
SZ02,嵊州长乐,太湖片-临绍小片,S0,42,37,0,5,0,0,0,0,37,1,6,,0.0,0.0,0.0,0.0,0.0
SZ02,嵊州长乐,太湖片-临绍小片,S1,64,61,0,3,0,0,0,0,61,1,3,,0.0,0.0,0.0,0.0,0.0
SZ02,嵊州长乐,太湖片-临绍小片,S2,102,102,0,0,0,0,0,0,102,1,3,,0.0,0.0,0.0,0.0,0.0
SZ02,嵊州长乐,太湖片-临绍小片,S3,120,120,0,0,0,0,0,0,120,1,2,,0.0,0.0,0.0,0.0,0.0
SZ03,嵊州崇仁镇,太湖片-临绍小片,S0,40,40,0,0,0,0,0,0,40,1,2,,0.0,0.0,0.0,0.0,0.0
SZ03,嵊州崇仁镇,太湖片-临绍小片,S1,62,62,0,0,0,0,0,0,62,1,2,,0.0,0.0,0.0,0.0,0.0
SZ03,嵊州崇仁镇,太湖片-临绍小片,S2,98,98,0,0,0,0,0,0,98,1,2,,0.0,0.0,0.0,0.0,0.0
SZ03,嵊州崇仁镇,太湖片-临绍小片,S3,116,116,0,0,0,0,0,0,116,1,1,,0.0,0.0,0.0,0.0,0.0
TC01,太仓沙溪,太湖片-苏沪嘉小片,S0,49,40,0,9,0,0,0,0,40,1,5,,0.0,0.0,0.0,0.0,0.0
TC01,太仓沙溪,太湖片-苏沪嘉小片,S1,81,73,0,8,0,0,0,0,73,1,3,,0.0,0.0,0.0,0.0,0.0
TC01,太仓沙溪,太湖片-苏沪嘉小片,S2,107,107,66,0,0,0,0,0,41,1,6,əu,0.616822429906542,0.616822429906542,0.0,0.0,0.0
TC01,太仓沙溪,太湖片-苏沪嘉小片,S3,128,128,73,0,0,0,0,0,55,1,4,əu,0.5703125,0.5703125,0.0,0.0,0.0
TC02,太仓城厢,太湖片-苏沪嘉小片,S0,38,31,0,7,0,0,0,0,31,1,4,,0.0,0.0,0.0,0.0,0.0
TC02,太仓城厢,太湖片-苏沪嘉小片,S1,86,77,0,9,0,0,0,0,77,1,3,,0.0,0.0,0.0,0.0,0.0
TC02,太仓城厢,太湖片-苏沪嘉小片,S2,113,112,69,1,0,0,0,0,43,1,5,əu,0.6160714285714286,0.6106194690265486,0.0,0.0,0.0
TC02,太仓城厢,太湖片-苏沪嘉小片,S3,129,129,69,0,0,0,0,0,60,1,3,əu,0.5348837209302325,0.5348837209302325,0.0,0.0,0.0
TL01,桐庐镇,太湖片-临绍小片,S0,43,33,0,8,0,0,2,0,33,1,5,,0.0,0.0,0.046511627906976744,0.0,0.0
TL01,桐庐镇,太湖片-临绍小片,S1,65,8,0,5,0,0,52,0,8,1,4,,0.0,0.0,0.8,0.0,0.0
TL01,桐庐镇,太湖片-临绍小片,S2,91,87,0,0,0,0,4,0,87,1,5,,0.0,0.0,0.04395604395604396,0.0,0.0
TL01,桐庐镇,太湖片-临绍小片,S3,112,112,0,0,0,0,0,0,112,1,1,,0.0,0.0,0.0,0.0,0.0
TX01,桐乡城区,太湖片-苏沪嘉小片,S0,38,32,0,6,0,0,0,0,32,1,5,,0.0,0.0,0.0,0.0,0.0
TX01,桐乡城区,太湖片-苏沪嘉小片,S1,72,68,0,4,0,0,0,0,68,1,3,,0.0,0.0,0.0,0.0,0.0
TX01,桐乡城区,太湖片-苏沪嘉小片,S2,70,70,0,0,0,0,0,0,70,1,3,,0.0,0.0,0.0,0.0,0.0
TX01,桐乡城区,太湖片-苏沪嘉小片,S3,82,82,0,0,0,0,0,0,82,1,2,,0.0,0.0,0.0,0.0,0.0
WJ01,吴江市松陵,太湖片-苏沪嘉小片,S0,42,36,0,6,0,0,0,0,36,1,5,,0.0,0.0,0.0,0.0,0.0
WJ01,吴江市松陵,太湖片-苏沪嘉小片,S1,62,55,0,7,0,0,0,0,55,1,4,,0.0,0.0,0.0,0.0,0.0
WJ01,吴江市松陵,太湖片-苏沪嘉小片,S2,74,74,51,0,0,0,0,0,23,1,5,əu,0.6891891891891891,0.6891891891891891,0.0,0.0,0.0
WJ01,吴江市松陵,太湖片-苏沪嘉小片,S3,106,106,69,0,0,0,0,0,37,1,3,əu,0.6509433962264151,0.6509433962264151,0.0,0.0,0.0
WJ02,吴江芦墟,太湖片-苏沪嘉小片,S0,31,25,0,6,0,0,0,0,25,1,2,,0.0,0.0,0.0,0.0,0.0
WJ02,吴江芦墟,太湖片-苏沪嘉小片,S1,49,48,0,1,0,0,0,0,48,1,3,,0.0,0.0,0.0,0.0,0.0
WJ02,吴江芦墟,太湖片-苏沪嘉小片,S2,62,62,42,0,0,0,0,0,20,1,5,əu,0.6774193548387096,0.6774193548387096,0.0,0.0,0.0
WJ02,吴江芦墟,太湖片-苏沪嘉小片,S3,87,87,62,0,0,0,0,0,25,1,3,əu,0.7126436781609196,0.7126436781609196,0.0,0.0,0.0
WX01,无锡城区,太湖片-苏沪嘉小片,S0,47,38,0,9,0,0,0,0,38,1,2,,0.0,0.0,0.0,0.0,0.0
WX01,无锡城区,太湖片-苏沪嘉小片,S1,78,68,15,10,0,0,0,0,53,1,4,əɯ,0.22058823529411764,0.19230769230769232,0.0,0.0,0.0
WX01,无锡城区,太湖片-苏沪嘉小片,S2,96,95,91,0,0,0,0,1,4,1,5,əɯ,0.9578947368421052,0.9479166666666666,0.0,0.0,0.0
WX01,无锡城区,太湖片-苏沪嘉小片,S3,125,124,73,0,0,0,0,0,51,1,4,əɯ,0.5887096774193549,0.584,0.0,0.0,0.0
WX02,吴县光福镇,太湖片-苏沪嘉小片,S0,42,36,0,6,0,0,0,0,36,1,4,,0.0,0.0,0.0,0.0,0.0
WX02,吴县光福镇,太湖片-苏沪嘉小片,S1,69,60,0,9,0,0,0,0,60,1,4,,0.0,0.0,0.0,0.0,0.0
WX02,吴县光福镇,太湖片-苏沪嘉小片,S2,96,96,79,0,0,0,0,0,17,1,4,əu,0.8229166666666666,0.8229166666666666,0.0,0.0,0.0
WX02,吴县光福镇,太湖片-苏沪嘉小片,S3,120,120,96,0,0,0,0,0,24,1,3,əu,0.8,0.8,0.0,0.0,0.0
XC01,新昌城关,太湖片-临绍小片,S0,40,35,0,5,0,0,0,0,35,1,4,,0.0,0.0,0.0,0.0,0.0
XC01,新昌城关,太湖片-临绍小片,S1,57,52,0,5,0,0,0,0,52,1,4,,0.0,0.0,0.0,0.0,0.0
XC01,新昌城关,太湖片-临绍小片,S2,88,88,0,0,0,0,0,0,88,1,5,,0.0,0.0,0.0,0.0,0.0
XC01,新昌城关,太湖片-临绍小片,S3,105,105,0,0,0,0,0,0,105,1,2,,0.0,0.0,0.0,0.0,0.0
XD01,新登下港,太湖片-临绍小片,S0,45,31,0,12,1,0,1,0,31,1,7,,0.0,0.0,0.022222222222222223,0.022222222222222223,0.0
XD01,新登下港,太湖片-临绍小片,S1,70,44,0,9,0,0,17,0,44,1,5,,0.0,0.0,0.24285714285714285,0.0,0.0
XD01,新登下港,太湖片-临绍小片,S2,107,107,0,0,0,0,0,0,107,1,5,,0.0,0.0,0.0,0.0,0.0
XD01,新登下港,太湖片-临绍小片,S3,118,118,0,0,0,0,0,0,118,1,1,,0.0,0.0,0.0,0.0,0.0
XH02,萧山城厢,太湖片-临绍小片,S0,46,38,0,8,0,0,0,0,38,1,4,,0.0,0.0,0.0,0.0,0.0
XH02,萧山城厢,太湖片-临绍小片,S1,74,66,0,8,0,0,0,0,66,1,4,,0.0,0.0,0.0,0.0,0.0
XH02,萧山城厢,太湖片-临绍小片,S2,91,91,0,0,0,0,0,0,91,1,3,,0.0,0.0,0.0,0.0,0.0
XH02,萧山城厢,太湖片-临绍小片,S3,120,120,0,0,0,0,0,0,120,1,2,,0.0,0.0,0.0,0.0,0.0
XS01,象山丹城,太湖片-甬江小片,S0,41,38,0,3,0,0,0,0,38,1,4,,0.0,0.0,0.0,0.0,0.0
XS01,象山丹城,太湖片-甬江小片,S1,72,65,0,7,0,0,0,0,65,1,3,,0.0,0.0,0.0,0.0,0.0
XS01,象山丹城,太湖片-甬江小片,S2,93,93,0,0,0,0,0,0,93,1,3,,0.0,0.0,0.0,0.0,0.0
XS01,象山丹城,太湖片-甬江小片,S3,125,125,0,0,0,0,0,0,125,1,2,,0.0,0.0,0.0,0.0,0.0
XS03,萧山南阳镇,太湖片-临绍小片,S0,29,28,0,1,0,0,0,0,28,1,2,,0.0,0.0,0.0,0.0,0.0
XS03,萧山南阳镇,太湖片-临绍小片,S1,62,56,0,6,0,0,0,0,56,1,3,,0.0,0.0,0.0,0.0,0.0
XS03,萧山南阳镇,太湖片-临绍小片,S2,76,76,0,0,0,0,0,0,76,1,2,,0.0,0.0,0.0,0.0,0.0
XS03,萧山南阳镇,太湖片-临绍小片,S3,105,105,0,0,0,0,0,0,105,1,2,,0.0,0.0,0.0,0.0,0.0
XZ01,莘庄,太湖片-苏沪嘉小片,S0,38,34,0,4,0,0,0,0,34,1,4,,0.0,0.0,0.0,0.0,0.0
XZ01,莘庄,太湖片-苏沪嘉小片,S1,56,47,0,9,0,0,0,0,47,1,4,,0.0,0.0,0.0,0.0,0.0
XZ01,莘庄,太湖片-苏沪嘉小片,S2,63,63,0,0,0,0,0,0,63,1,4,,0.0,0.0,0.0,0.0,0.0
XZ01,莘庄,太湖片-苏沪嘉小片,S3,95,95,0,0,0,0,0,0,95,1,2,,0.0,0.0,0.0,0.0,0.0
YQ01,於潜,太湖片-临绍小片,S0,35,31,0,2,0,0,2,0,31,1,3,,0.0,0.0,0.05714285714285714,0.0,0.0
YQ01,於潜,太湖片-临绍小片,S1,73,7,0,17,0,0,49,0,7,1,3,,0.0,0.0,0.6712328767123288,0.0,0.0
YQ01,於潜,太湖片-临绍小片,S2,92,92,0,0,0,0,0,0,92,1,3,,0.0,0.0,0.0,0.0,0.0
YQ01,於潜,太湖片-临绍小片,S3,118,118,0,0,0,0,0,0,118,1,1,,0.0,0.0,0.0,0.0,0.0
YX01,宜兴,太湖片-毗陵小片,S0,40,28,0,12,0,0,0,0,28,1,4,,0.0,0.0,0.0,0.0,0.0
YX01,宜兴,太湖片-毗陵小片,S1,70,59,0,11,0,0,0,0,59,1,3,,0.0,0.0,0.0,0.0,0.0
YX01,宜兴,太湖片-毗陵小片,S2,91,79,0,0,0,11,0,1,79,1,4,,0.0,0.0,0.0,0.0,0.12087912087912088
YX01,宜兴,太湖片-毗陵小片,S3,118,112,0,0,0,3,0,1,112,1,5,,0.0,0.0,0.0,0.0,0.025423728813559324
YX02,鄞县中区,太湖片-甬江小片,S0,45,38,0,7,0,0,0,0,38,1,5,,0.0,0.0,0.0,0.0,0.0
YX02,鄞县中区,太湖片-甬江小片,S1,63,61,0,2,0,0,0,0,61,1,3,,0.0,0.0,0.0,0.0,0.0
YX02,鄞县中区,太湖片-甬江小片,S2,91,91,85,0,0,0,0,0,6,1,3,əu,0.9340659340659341,0.9340659340659341,0.0,0.0,0.0
YX02,鄞县中区,太湖片-甬江小片,S3,115,115,10,0,0,0,0,0,105,1,2,əu,0.08695652173913043,0.08695652173913043,0.0,0.0,0.0
YY01,余姚城关,太湖片-临绍小片,S0,44,41,0,3,0,0,0,0,41,1,2,,0.0,0.0,0.0,0.0,0.0
YY01,余姚城关,太湖片-临绍小片,S1,77,72,0,5,0,0,0,0,72,1,4,,0.0,0.0,0.0,0.0,0.0
YY01,余姚城关,太湖片-临绍小片,S2,95,95,88,0,0,0,0,0,7,1,3,ou,0.9263157894736842,0.9263157894736842,0.0,0.0,0.0
YY01,余姚城关,太湖片-临绍小片,S3,120,108,13,0,0,0,0,0,95,1,5,ou,0.12037037037037036,0.10833333333333334,0.0,0.0,0.0
ZJ01,诸暨城关,太湖片-临绍小片,S0,35,32,0,3,0,0,0,0,32,1,3,,0.0,0.0,0.0,0.0,0.0
ZJ01,诸暨城关,太湖片-临绍小片,S1,64,55,0,9,0,0,0,0,55,1,4,,0.0,0.0,0.0,0.0,0.0
ZJ01,诸暨城关,太湖片-临绍小片,S2,81,7,0,0,74,0,0,0,7,1,4,,0.0,0.0,0.0,0.9135802469135802,0.0
ZJ01,诸暨城关,太湖片-临绍小片,S3,89,81,0,0,8,0,0,0,81,1,2,,0.0,0.0,0.0,0.0898876404494382,0.0
ZJ02,诸暨璜山镇,太湖片-临绍小片,S0,42,34,0,8,0,0,0,0,34,1,5,,0.0,0.0,0.0,0.0,0.0
ZJ02,诸暨璜山镇,太湖片-临绍小片,S1,66,61,0,5,0,0,0,0,61,1,4,,0.0,0.0,0.0,0.0,0.0
ZJ02,诸暨璜山镇,太湖片-临绍小片,S2,81,81,77,0,0,0,0,0,4,1,3,ɤɯ,0.9506172839506173,0.9506172839506173,0.0,0.0,0.0
ZJ02,诸暨璜山镇,太湖片-临绍小片,S3,121,121,9,0,0,0,0,0,112,1,2,ɤɯ,0.0743801652892562,0.0743801652892562,0.0,0.0,0.0
ZJ03,诸暨直埠镇,太湖片-临绍小片,S0,28,27,0,1,0,0,0,0,27,1,3,,0.0,0.0,0.0,0.0,0.0
ZJ03,诸暨直埠镇,太湖片-临绍小片,S1,48,46,0,2,0,0,0,0,46,1,3,,0.0,0.0,0.0,0.0,0.0
ZJ03,诸暨直埠镇,太湖片-临绍小片,S2,60,60,58,0,0,0,0,0,2,1,3,ou,0.9666666666666667,0.9666666666666667,0.0,0.0,0.0
ZJ03,诸暨直埠镇,太湖片-临绍小片,S3,91,91,2,0,0,0,0,0,89,1,3,ou,0.02197802197802198,0.02197802197802198,0.0,0.0,0.0
ZP01,周浦,太湖片-苏沪嘉小片,S0,35,31,0,4,0,0,0,0,31,1,4,,0.0,0.0,0.0,0.0,0.0
ZP01,周浦,太湖片-苏沪嘉小片,S1,52,38,0,14,0,0,0,0,38,1,5,,0.0,0.0,0.0,0.0,0.0
ZP01,周浦,太湖片-苏沪嘉小片,S2,64,64,0,0,0,0,0,0,64,1,4,,0.0,0.0,0.0,0.0,0.0
ZP01,周浦,太湖片-苏沪嘉小片,S3,95,95,0,0,0,0,0,0,95,1,2,,0.0,0.0,0.0,0.0,0.0
ZR01,真如,太湖片-苏沪嘉小片,S0,34,29,0,5,0,0,0,0,29,1,3,,0.0,0.0,0.0,0.0,0.0
ZR01,真如,太湖片-苏沪嘉小片,S1,52,45,0,7,0,0,0,0,45,1,4,,0.0,0.0,0.0,0.0,0.0
ZR01,真如,太湖片-苏沪嘉小片,S2,64,64,0,0,0,0,0,0,64,1,2,,0.0,0.0,0.0,0.0,0.0
ZR01,真如,太湖片-苏沪嘉小片,S3,95,95,0,0,0,0,0,0,95,1,2,,0.0,0.0,0.0,0.0,0.0
ZS01,舟山定海,太湖片-甬江小片,S0,41,36,0,5,0,0,0,0,36,1,3,,0.0,0.0,0.0,0.0,0.0
ZS01,舟山定海,太湖片-甬江小片,S1,75,69,0,6,0,0,0,0,69,1,3,,0.0,0.0,0.0,0.0,0.0
ZS01,舟山定海,太湖片-甬江小片,S2,95,13,0,0,0,82,0,0,13,1,4,,0.0,0.0,0.0,0.0,0.8631578947368421
ZS01,舟山定海,太湖片-甬江小片,S3,125,116,0,0,0,9,0,0,116,1,2,,0.0,0.0,0.0,0.0,0.072
