point_id,point_name,subbranch,onset_class,total_tokens,eligible_tokens,clear_split_tokens,i_medial_tokens,i_offglide_tokens,non_core_diphthong_tokens,medial_pending_tokens,checked_or_coda_tokens,monophthong_tokens,point_count,value_types,clear_split_values,clear_split_rate,raw_clear_split_share,medial_pending_share,i_offglide_share,non_core_diphthong_share
AJ01,安吉安城,太湖片-苕溪小片,K,62,54,0,8,0,0,0,0,54,1,5,,0.0,0.0,0.0,0.0,0.0
AJ01,安吉安城,太湖片-苕溪小片,M,17,17,0,0,0,0,0,0,17,1,4,,0.0,0.0,0.0,0.0,0.0
AJ01,安吉安城,太湖片-苕溪小片,N,23,23,0,0,0,0,0,0,23,1,2,,0.0,0.0,0.0,0.0,0.0
AJ01,安吉安城,太湖片-苕溪小片,P,59,59,0,0,0,0,0,0,59,1,3,,0.0,0.0,0.0,0.0,0.0
AJ01,安吉安城,太湖片-苕溪小片,T,39,39,0,0,0,0,0,0,39,1,3,,0.0,0.0,0.0,0.0,0.0
AJ01,安吉安城,太湖片-苕溪小片,TS,54,53,0,0,0,0,0,1,53,1,4,,0.0,0.0,0.0,0.0,0.0
AJ01,安吉安城,太湖片-苕溪小片,Ø,52,47,0,4,0,0,0,1,47,1,5,,0.0,0.0,0.0,0.0,0.0
BL01,北仑城关,太湖片-甬江小片,K,86,56,0,6,0,23,0,0,56,1,7,,0.0,0.0,0.0,0.0,0.26744186046511625
BL01,北仑城关,太湖片-甬江小片,M,21,9,0,0,0,12,0,0,9,1,4,,0.0,0.0,0.0,0.0,0.5714285714285714
BL01,北仑城关,太湖片-甬江小片,N,28,16,0,0,0,12,0,0,16,1,4,,0.0,0.0,0.0,0.0,0.42857142857142855
BL01,北仑城关,太湖片-甬江小片,P,48,36,0,0,0,10,2,0,36,1,5,,0.0,0.0,0.041666666666666664,0.0,0.20833333333333334
BL01,北仑城关,太湖片-甬江小片,T,38,26,0,0,0,12,0,0,26,1,4,,0.0,0.0,0.0,0.0,0.3157894736842105
BL01,北仑城关,太湖片-甬江小片,TS,50,38,0,0,0,12,0,0,38,1,5,,0.0,0.0,0.0,0.0,0.24
BL01,北仑城关,太湖片-甬江小片,Ø,57,25,0,3,0,17,12,0,25,1,6,,0.0,0.0,0.21052631578947367,0.0,0.2982456140350877
BS01,宝山,太湖片-苏沪嘉小片,K,74,72,0,2,0,0,0,0,72,1,4,,0.0,0.0,0.0,0.0,0.0
BS01,宝山,太湖片-苏沪嘉小片,M,19,19,0,0,0,0,0,0,19,1,3,,0.0,0.0,0.0,0.0,0.0
BS01,宝山,太湖片-苏沪嘉小片,N,20,20,0,0,0,0,0,0,20,1,1,,0.0,0.0,0.0,0.0,0.0
BS01,宝山,太湖片-苏沪嘉小片,P,46,46,0,0,0,0,0,0,46,1,3,,0.0,0.0,0.0,0.0,0.0
BS01,宝山,太湖片-苏沪嘉小片,T,34,34,0,0,0,0,0,0,34,1,2,,0.0,0.0,0.0,0.0,0.0
BS01,宝山,太湖片-苏沪嘉小片,TS,43,43,0,0,0,0,0,0,43,1,4,,0.0,0.0,0.0,0.0,0.0
BS01,宝山,太湖片-苏沪嘉小片,Ø,48,41,0,7,0,0,0,0,41,1,6,,0.0,0.0,0.0,0.0,0.0
BZ01,堡镇,太湖片-苏沪嘉小片,K,68,59,0,9,0,0,0,0,59,1,3,,0.0,0.0,0.0,0.0,0.0
BZ01,堡镇,太湖片-苏沪嘉小片,M,20,20,0,0,0,0,0,0,20,1,3,,0.0,0.0,0.0,0.0,0.0
BZ01,堡镇,太湖片-苏沪嘉小片,N,16,16,0,0,0,0,0,0,16,1,1,,0.0,0.0,0.0,0.0,0.0
BZ01,堡镇,太湖片-苏沪嘉小片,P,35,35,0,0,0,0,0,0,35,1,3,,0.0,0.0,0.0,0.0,0.0
BZ01,堡镇,太湖片-苏沪嘉小片,T,30,30,0,0,0,0,0,0,30,1,2,,0.0,0.0,0.0,0.0,0.0
BZ01,堡镇,太湖片-苏沪嘉小片,TS,40,40,0,0,0,0,0,0,40,1,5,,0.0,0.0,0.0,0.0,0.0
BZ01,堡镇,太湖片-苏沪嘉小片,Ø,38,34,0,3,0,0,1,0,34,1,5,,0.0,0.0,0.02631578947368421,0.0,0.0
CM01,崇明城关,太湖片-苏沪嘉小片,K,86,71,0,5,0,0,1,0,71,1,8,,0.0,0.0,0.011627906976744186,0.0,0.0
CM01,崇明城关,太湖片-苏沪嘉小片,M,22,22,0,0,0,0,0,0,22,1,4,,0.0,0.0,0.0,0.0,0.0
CM01,崇明城关,太湖片-苏沪嘉小片,N,31,31,0,0,0,0,0,0,31,1,2,,0.0,0.0,0.0,0.0,0.0
CM01,崇明城关,太湖片-苏沪嘉小片,P,49,49,0,0,0,0,0,0,49,1,3,,0.0,0.0,0.0,0.0,0.0
CM01,崇明城关,太湖片-苏沪嘉小片,T,43,43,0,0,0,0,0,0,43,1,2,,0.0,0.0,0.0,0.0,0.0
CM01,崇明城关,太湖片-苏沪嘉小片,TS,51,51,0,0,0,0,0,0,51,1,4,,0.0,0.0,0.0,0.0,0.0
CM01,崇明城关,太湖片-苏沪嘉小片,Ø,61,53,0,6,0,0,2,0,53,1,7,,0.0,0.0,0.03278688524590164,0.0,0.0
CS01,川沙浦东,太湖片-苏沪嘉小片,K,82,77,0,5,0,0,0,0,77,1,5,,0.0,0.0,0.0,0.0,0.0
CS01,川沙浦东,太湖片-苏沪嘉小片,M,19,19,0,0,0,0,0,0,19,1,3,,0.0,0.0,0.0,0.0,0.0
CS01,川沙浦东,太湖片-苏沪嘉小片,N,25,25,0,0,0,0,0,0,25,1,2,,0.0,0.0,0.0,0.0,0.0
CS01,川沙浦东,太湖片-苏沪嘉小片,P,47,47,0,0,0,0,0,0,47,1,3,,0.0,0.0,0.0,0.0,0.0
CS01,川沙浦东,太湖片-苏沪嘉小片,T,38,38,0,0,0,0,0,0,38,1,2,,0.0,0.0,0.0,0.0,0.0
CS01,川沙浦东,太湖片-苏沪嘉小片,TS,50,33,0,17,0,0,0,0,33,1,3,,0.0,0.0,0.0,0.0,0.0
CS01,川沙浦东,太湖片-苏沪嘉小片,Ø,56,52,0,4,0,0,0,0,52,1,6,,0.0,0.0,0.0,0.0,0.0
CS02,常熟虞山镇,太湖片-苏沪嘉小片,K,65,60,0,5,0,0,0,0,60,1,4,,0.0,0.0,0.0,0.0,0.0
CS02,常熟虞山镇,太湖片-苏沪嘉小片,M,17,17,0,0,0,0,0,0,17,1,3,,0.0,0.0,0.0,0.0,0.0
CS02,常熟虞山镇,太湖片-苏沪嘉小片,N,21,21,0,0,0,0,0,0,21,1,1,,0.0,0.0,0.0,0.0,0.0
CS02,常熟虞山镇,太湖片-苏沪嘉小片,P,43,43,0,0,0,0,0,0,43,1,2,,0.0,0.0,0.0,0.0,0.0
CS02,常熟虞山镇,太湖片-苏沪嘉小片,T,34,34,0,0,0,0,0,0,34,1,2,,0.0,0.0,0.0,0.0,0.0
CS02,常熟虞山镇,太湖片-苏沪嘉小片,TS,49,49,0,0,0,0,0,0,49,1,4,,0.0,0.0,0.0,0.0,0.0
CS02,常熟虞山镇,太湖片-苏沪嘉小片,Ø,49,42,0,6,0,0,0,1,42,1,6,,0.0,0.0,0.0,0.0,0.0
CX01,慈溪逍林,太湖片-临绍小片,K,76,66,22,10,0,0,0,0,44,1,5,ou,0.3333333333333333,0.2894736842105263,0.0,0.0,0.0
CX01,慈溪逍林,太湖片-临绍小片,M,22,22,12,0,0,0,0,0,10,1,3,ou,0.5454545454545454,0.5454545454545454,0.0,0.0,0.0
CX01,慈溪逍林,太湖片-临绍小片,N,22,22,8,0,0,0,0,0,14,1,2,ou,0.36363636363636365,0.36363636363636365,0.0,0.0,0.0
CX01,慈溪逍林,太湖片-临绍小片,P,50,50,10,0,0,0,0,0,40,1,4,ou,0.2,0.2,0.0,0.0,0.0
CX01,慈溪逍林,太湖片-临绍小片,T,33,33,10,0,0,0,0,0,23,1,4,ou,0.30303030303030304,0.30303030303030304,0.0,0.0,0.0
CX01,慈溪逍林,太湖片-临绍小片,TS,41,41,10,0,0,0,0,0,31,1,4,ou,0.24390243902439024,0.24390243902439024,0.0,0.0,0.0
CX01,慈溪逍林,太湖片-临绍小片,Ø,54,49,15,5,0,0,0,0,34,1,6,ou,0.30612244897959184,0.2777777777777778,0.0,0.0,0.0
CX02,长兴,太湖片-苕溪小片,K,59,52,26,7,0,0,0,0,26,1,5,əu,0.5,0.4406779661016949,0.0,0.0,0.0
CX02,长兴,太湖片-苕溪小片,M,16,16,0,0,0,0,0,0,16,1,2,,0.0,0.0,0.0,0.0,0.0
CX02,长兴,太湖片-苕溪小片,N,20,20,18,0,0,0,0,0,2,1,2,əu,0.9,0.9,0.0,0.0,0.0
CX02,长兴,太湖片-苕溪小片,P,44,44,0,0,0,0,0,0,44,1,3,,0.0,0.0,0.0,0.0,0.0
CX02,长兴,太湖片-苕溪小片,T,31,31,27,0,0,0,0,0,4,1,3,əu,0.8709677419354839,0.8709677419354839,0.0,0.0,0.0
CX02,长兴,太湖片-苕溪小片,TS,45,45,19,0,0,0,0,0,26,1,3,əu,0.4222222222222222,0.4222222222222222,0.0,0.0,0.0
CX02,长兴,太湖片-苕溪小片,Ø,25,22,3,3,0,0,0,0,19,1,5,əu,0.13636363636363635,0.12,0.0,0.0,0.0
CZ01,常州,太湖片-毗陵小片,K,95,71,23,24,0,0,0,0,48,1,5,ɤɯ,0.323943661971831,0.24210526315789474,0.0,0.0,0.0
CZ01,常州,太湖片-毗陵小片,M,21,20,8,0,0,1,0,0,12,1,4,ɤɯ,0.4,0.38095238095238093,0.0,0.0,0.047619047619047616
CZ01,常州,太湖片-毗陵小片,N,30,30,12,0,0,0,0,0,18,1,3,ɤɯ,0.4,0.4,0.0,0.0,0.0
CZ01,常州,太湖片-毗陵小片,P,51,51,12,0,0,0,0,0,39,1,4,ɤɯ,0.23529411764705882,0.23529411764705882,0.0,0.0,0.0
CZ01,常州,太湖片-毗陵小片,T,40,40,18,0,0,0,0,0,22,1,3,ɤɯ,0.45,0.45,0.0,0.0,0.0
CZ01,常州,太湖片-毗陵小片,TS,48,40,11,0,1,0,0,0,29,1,5,ɤɯ,0.275,0.22916666666666666,0.0,0.020833333333333332,0.0
CZ01,常州,太湖片-毗陵小片,Ø,60,46,15,12,1,0,0,1,31,1,7,ɤɯ,0.32608695652173914,0.25,0.0,0.016666666666666666,0.0
DB01,郎溪梅渚镇定埠,太湖片-毗陵小片,K,71,64,0,6,0,0,0,1,64,1,6,,0.0,0.0,0.0,0.0,0.0
DB01,郎溪梅渚镇定埠,太湖片-毗陵小片,M,22,22,0,0,0,0,0,0,22,1,3,,0.0,0.0,0.0,0.0,0.0
DB01,郎溪梅渚镇定埠,太湖片-毗陵小片,N,24,24,0,0,0,0,0,0,24,1,3,,0.0,0.0,0.0,0.0,0.0
DB01,郎溪梅渚镇定埠,太湖片-毗陵小片,P,49,48,0,0,0,0,0,1,48,1,5,,0.0,0.0,0.0,0.0,0.0
DB01,郎溪梅渚镇定埠,太湖片-毗陵小片,T,33,33,0,0,0,0,0,0,33,1,3,,0.0,0.0,0.0,0.0,0.0
DB01,郎溪梅渚镇定埠,太湖片-毗陵小片,TS,51,39,0,1,0,0,0,0,39,1,5,,0.0,0.0,0.0,0.0,0.0
DB01,郎溪梅渚镇定埠,太湖片-毗陵小片,Ø,51,46,0,5,0,0,0,0,46,1,5,,0.0,0.0,0.0,0.0,0.0
DQ01,德清乾元,太湖片-苕溪小片,K,81,69,0,11,0,0,0,1,69,1,5,,0.0,0.0,0.0,0.0,0.0
DQ01,德清乾元,太湖片-苕溪小片,M,22,22,0,0,0,0,0,0,22,1,3,,0.0,0.0,0.0,0.0,0.0
DQ01,德清乾元,太湖片-苕溪小片,N,25,24,0,0,0,0,0,1,24,1,3,,0.0,0.0,0.0,0.0,0.0
DQ01,德清乾元,太湖片-苕溪小片,P,50,50,0,0,0,0,0,0,50,1,4,,0.0,0.0,0.0,0.0,0.0
DQ01,德清乾元,太湖片-苕溪小片,T,39,39,0,0,0,0,0,0,39,1,3,,0.0,0.0,0.0,0.0,0.0
DQ01,德清乾元,太湖片-苕溪小片,TS,50,49,0,0,0,0,0,1,49,1,4,,0.0,0.0,0.0,0.0,0.0
DQ01,德清乾元,太湖片-苕溪小片,Ø,56,51,0,5,0,0,0,0,51,1,4,,0.0,0.0,0.0,0.0,0.0
DS01,岱山岱西镇,太湖片-甬江小片,K,79,70,19,9,0,0,0,0,51,1,7,ɐu,0.2714285714285714,0.24050632911392406,0.0,0.0,0.0
DS01,岱山岱西镇,太湖片-甬江小片,M,23,23,12,0,0,0,0,0,11,1,4,ɐu,0.5217391304347826,0.5217391304347826,0.0,0.0,0.0
DS01,岱山岱西镇,太湖片-甬江小片,N,31,31,12,0,0,0,0,0,19,1,4,ɐu,0.3870967741935484,0.3870967741935484,0.0,0.0,0.0
DS01,岱山岱西镇,太湖片-甬江小片,P,53,53,11,0,0,0,0,0,42,1,4,ɐu,0.20754716981132076,0.20754716981132076,0.0,0.0,0.0
DS01,岱山岱西镇,太湖片-甬江小片,T,37,37,11,0,0,0,0,0,26,1,4,ɐu,0.2972972972972973,0.2972972972972973,0.0,0.0,0.0
DS01,岱山岱西镇,太湖片-甬江小片,TS,51,51,13,0,0,0,0,0,38,1,5,ɐu,0.2549019607843137,0.2549019607843137,0.0,0.0,0.0
DS01,岱山岱西镇,太湖片-甬江小片,Ø,55,50,12,5,0,0,0,0,38,1,6,ɐu,0.24,0.21818181818181817,0.0,0.0,0.0
DY01,丹阳,太湖片-毗陵小片,K,81,57,0,23,0,0,0,1,57,1,7,,0.0,0.0,0.0,0.0,0.0
DY01,丹阳,太湖片-毗陵小片,M,24,24,0,0,0,0,0,0,24,1,3,,0.0,0.0,0.0,0.0,0.0
DY01,丹阳,太湖片-毗陵小片,N,32,32,0,0,0,0,0,0,32,1,4,,0.0,0.0,0.0,0.0,0.0
DY01,丹阳,太湖片-毗陵小片,P,46,46,0,0,0,0,0,0,46,1,4,,0.0,0.0,0.0,0.0,0.0
DY01,丹阳,太湖片-毗陵小片,T,39,39,0,0,0,0,0,0,39,1,3,,0.0,0.0,0.0,0.0,0.0
DY01,丹阳,太湖片-毗陵小片,TS,45,45,0,0,0,0,0,0,45,1,4,,0.0,0.0,0.0,0.0,0.0
DY01,丹阳,太湖片-毗陵小片,Ø,52,38,0,13,0,0,1,0,38,1,7,,0.0,0.0,0.019230769230769232,0.0,0.0
FC01,奉城,太湖片-苏沪嘉小片,K,68,60,0,8,0,0,0,0,60,1,5,,0.0,0.0,0.0,0.0,0.0
FC01,奉城,太湖片-苏沪嘉小片,M,20,20,0,0,0,0,0,0,20,1,2,,0.0,0.0,0.0,0.0,0.0
FC01,奉城,太湖片-苏沪嘉小片,N,16,16,0,0,0,0,0,0,16,1,1,,0.0,0.0,0.0,0.0,0.0
FC01,奉城,太湖片-苏沪嘉小片,P,35,35,0,0,0,0,0,0,35,1,3,,0.0,0.0,0.0,0.0,0.0
FC01,奉城,太湖片-苏沪嘉小片,T,29,29,0,0,0,0,0,0,29,1,3,,0.0,0.0,0.0,0.0,0.0
FC01,奉城,太湖片-苏沪嘉小片,TS,40,40,0,0,0,0,0,0,40,1,4,,0.0,0.0,0.0,0.0,0.0
FC01,奉城,太湖片-苏沪嘉小片,Ø,38,35,0,3,0,0,0,0,35,1,5,,0.0,0.0,0.0,0.0,0.0
FH01,奉化西坞,太湖片-甬江小片,K,73,65,20,8,0,0,0,0,45,1,7,əu,0.3076923076923077,0.273972602739726,0.0,0.0,0.0
FH01,奉化西坞,太湖片-甬江小片,M,15,14,5,0,1,0,0,0,9,1,4,əu,0.35714285714285715,0.3333333333333333,0.0,0.06666666666666667,0.0
FH01,奉化西坞,太湖片-甬江小片,N,24,24,7,0,0,0,0,0,17,1,4,əu,0.2916666666666667,0.2916666666666667,0.0,0.0,0.0
FH01,奉化西坞,太湖片-甬江小片,P,45,45,8,0,0,0,0,0,37,1,4,əu,0.17777777777777778,0.17777777777777778,0.0,0.0,0.0
FH01,奉化西坞,太湖片-甬江小片,T,36,36,12,0,0,0,0,0,24,1,4,əu,0.3333333333333333,0.3333333333333333,0.0,0.0,0.0
FH01,奉化西坞,太湖片-甬江小片,TS,44,44,8,0,0,0,0,0,36,1,5,əu,0.18181818181818182,0.18181818181818182,0.0,0.0,0.0
FH01,奉化西坞,太湖片-甬江小片,Ø,54,50,15,4,0,0,0,0,35,1,6,əu,0.3,0.2777777777777778,0.0,0.0,0.0
FJ01,枫泾镇,太湖片-苏沪嘉小片,K,68,60,33,8,0,0,0,0,27,1,6,əu,0.55,0.4852941176470588,0.0,0.0,0.0
FJ01,枫泾镇,太湖片-苏沪嘉小片,M,19,19,0,0,0,0,0,0,19,1,3,,0.0,0.0,0.0,0.0,0.0
FJ01,枫泾镇,太湖片-苏沪嘉小片,N,17,17,0,0,0,0,0,0,17,1,1,,0.0,0.0,0.0,0.0,0.0
FJ01,枫泾镇,太湖片-苏沪嘉小片,P,38,38,0,0,0,0,0,0,38,1,3,,0.0,0.0,0.0,0.0,0.0
FJ01,枫泾镇,太湖片-苏沪嘉小片,T,29,29,0,0,0,0,0,0,29,1,3,,0.0,0.0,0.0,0.0,0.0
FJ01,枫泾镇,太湖片-苏沪嘉小片,TS,43,43,0,0,0,0,0,0,43,1,4,,0.0,0.0,0.0,0.0,0.0
FJ01,枫泾镇,太湖片-苏沪嘉小片,Ø,41,36,0,5,0,0,0,0,36,1,6,,0.0,0.0,0.0,0.0,0.0
FX01,奉贤,太湖片-苏沪嘉小片,K,71,62,0,9,0,0,0,0,62,1,5,,0.0,0.0,0.0,0.0,0.0
FX01,奉贤,太湖片-苏沪嘉小片,M,19,19,0,0,0,0,0,0,19,1,2,,0.0,0.0,0.0,0.0,0.0
FX01,奉贤,太湖片-苏沪嘉小片,N,20,20,0,0,0,0,0,0,20,1,1,,0.0,0.0,0.0,0.0,0.0
FX01,奉贤,太湖片-苏沪嘉小片,P,50,50,0,0,0,0,0,0,50,1,3,,0.0,0.0,0.0,0.0,0.0
FX01,奉贤,太湖片-苏沪嘉小片,T,32,32,0,0,0,0,0,0,32,1,3,,0.0,0.0,0.0,0.0,0.0
FX01,奉贤,太湖片-苏沪嘉小片,TS,45,45,0,0,0,0,0,0,45,1,4,,0.0,0.0,0.0,0.0,0.0
FX01,奉贤,太湖片-苏沪嘉小片,Ø,54,45,0,9,0,0,0,0,45,1,7,,0.0,0.0,0.0,0.0,0.0
FY01,富阳城关,太湖片-临绍小片,K,85,79,0,6,0,0,0,0,79,1,6,,0.0,0.0,0.0,0.0,0.0
FY01,富阳城关,太湖片-临绍小片,M,22,22,0,0,0,0,0,0,22,1,3,,0.0,0.0,0.0,0.0,0.0
FY01,富阳城关,太湖片-临绍小片,N,29,29,0,0,0,0,0,0,29,1,4,,0.0,0.0,0.0,0.0,0.0
FY01,富阳城关,太湖片-临绍小片,P,50,50,0,0,0,0,0,0,50,1,3,,0.0,0.0,0.0,0.0,0.0
FY01,富阳城关,太湖片-临绍小片,T,38,38,0,0,0,0,0,0,38,1,2,,0.0,0.0,0.0,0.0,0.0
FY01,富阳城关,太湖片-临绍小片,TS,50,50,0,0,0,0,0,0,50,1,3,,0.0,0.0,0.0,0.0,0.0
FY01,富阳城关,太湖片-临绍小片,Ø,57,54,0,2,0,0,1,0,54,1,5,,0.0,0.0,0.017543859649122806,0.0,0.0
FY02,富阳东梓关,太湖片-临绍小片,K,78,55,0,10,0,0,13,0,55,1,5,,0.0,0.0,0.16666666666666666,0.0,0.0
FY02,富阳东梓关,太湖片-临绍小片,M,22,15,0,0,0,0,7,0,15,1,3,,0.0,0.0,0.3181818181818182,0.0,0.0
FY02,富阳东梓关,太湖片-临绍小片,N,25,23,0,0,0,0,2,0,23,1,4,,0.0,0.0,0.08,0.0,0.0
FY02,富阳东梓关,太湖片-临绍小片,P,46,34,0,0,0,0,12,0,34,1,4,,0.0,0.0,0.2608695652173913,0.0,0.0
FY02,富阳东梓关,太湖片-临绍小片,T,34,34,0,0,0,0,0,0,34,1,2,,0.0,0.0,0.0,0.0,0.0
FY02,富阳东梓关,太湖片-临绍小片,TS,50,26,0,5,0,0,19,0,26,1,5,,0.0,0.0,0.38,0.0,0.0
FY02,富阳东梓关,太湖片-临绍小片,Ø,47,37,0,3,0,0,7,0,37,1,6,,0.0,0.0,0.14893617021276595,0.0,0.0
GQ01,高桥,太湖片-苏沪嘉小片,K,68,59,0,9,0,0,0,0,59,1,4,,0.0,0.0,0.0,0.0,0.0
GQ01,高桥,太湖片-苏沪嘉小片,M,20,20,0,0,0,0,0,0,20,1,3,,0.0,0.0,0.0,0.0,0.0
GQ01,高桥,太湖片-苏沪嘉小片,N,16,16,0,0,0,0,0,0,16,1,1,,0.0,0.0,0.0,0.0,0.0
GQ01,高桥,太湖片-苏沪嘉小片,P,35,35,0,0,0,0,0,0,35,1,3,,0.0,0.0,0.0,0.0,0.0
GQ01,高桥,太湖片-苏沪嘉小片,T,29,29,0,0,0,0,0,0,29,1,2,,0.0,0.0,0.0,0.0,0.0
GQ01,高桥,太湖片-苏沪嘉小片,TS,39,39,0,0,0,0,0,0,39,1,4,,0.0,0.0,0.0,0.0,0.0
GQ01,高桥,太湖片-苏沪嘉小片,Ø,38,35,0,3,0,0,0,0,35,1,6,,0.0,0.0,0.0,0.0,0.0
HM01,海门镇沙地话,太湖片-苏沪嘉小片,K,96,76,0,20,0,0,0,0,76,1,4,,0.0,0.0,0.0,0.0,0.0
HM01,海门镇沙地话,太湖片-苏沪嘉小片,M,21,21,0,0,0,0,0,0,21,1,4,,0.0,0.0,0.0,0.0,0.0
HM01,海门镇沙地话,太湖片-苏沪嘉小片,N,31,31,0,0,0,0,0,0,31,1,2,,0.0,0.0,0.0,0.0,0.0
HM01,海门镇沙地话,太湖片-苏沪嘉小片,P,56,56,0,0,0,0,0,0,56,1,4,,0.0,0.0,0.0,0.0,0.0
HM01,海门镇沙地话,太湖片-苏沪嘉小片,T,41,41,0,0,0,0,0,0,41,1,2,,0.0,0.0,0.0,0.0,0.0
HM01,海门镇沙地话,太湖片-苏沪嘉小片,TS,51,51,0,0,0,0,0,0,51,1,4,,0.0,0.0,0.0,0.0,0.0
HM01,海门镇沙地话,太湖片-苏沪嘉小片,Ø,60,48,0,11,0,0,1,0,48,1,7,,0.0,0.0,0.016666666666666666,0.0,0.0
HM02,海门四甲,太湖片-毗陵小片,K,92,76,6,14,0,0,2,0,70,1,7,ɯo,0.07894736842105263,0.06521739130434782,0.021739130434782608,0.0,0.0
HM02,海门四甲,太湖片-毗陵小片,M,24,24,0,0,0,0,0,0,24,1,3,,0.0,0.0,0.0,0.0,0.0
HM02,海门四甲,太湖片-毗陵小片,N,36,35,0,1,0,0,0,0,35,1,4,,0.0,0.0,0.0,0.0,0.0
HM02,海门四甲,太湖片-毗陵小片,P,49,49,0,0,0,0,0,0,49,1,4,,0.0,0.0,0.0,0.0,0.0
HM02,海门四甲,太湖片-毗陵小片,T,42,42,0,0,0,0,0,0,42,1,4,,0.0,0.0,0.0,0.0,0.0
HM02,海门四甲,太湖片-毗陵小片,TS,48,33,0,0,0,0,15,0,33,1,4,,0.0,0.0,0.3125,0.0,0.0
HM02,海门四甲,太湖片-毗陵小片,Ø,63,58,9,5,0,0,0,0,49,1,6,ɯo,0.15517241379310345,0.14285714285714285,0.0,0.0,0.0
HN01,海宁城关,太湖片-苏沪嘉小片,K,69,63,0,5,0,0,0,0,63,1,5,,0.0,0.0,0.0,0.0,0.0
HN01,海宁城关,太湖片-苏沪嘉小片,M,18,18,0,0,0,0,0,0,18,1,3,,0.0,0.0,0.0,0.0,0.0
HN01,海宁城关,太湖片-苏沪嘉小片,N,21,21,0,0,0,0,0,0,21,1,1,,0.0,0.0,0.0,0.0,0.0
HN01,海宁城关,太湖片-苏沪嘉小片,P,47,47,0,0,0,0,0,0,47,1,3,,0.0,0.0,0.0,0.0,0.0
HN01,海宁城关,太湖片-苏沪嘉小片,T,31,31,0,0,0,0,0,0,31,1,3,,0.0,0.0,0.0,0.0,0.0
HN01,海宁城关,太湖片-苏沪嘉小片,TS,42,42,0,0,0,0,0,0,42,1,3,,0.0,0.0,0.0,0.0,0.0
HN01,海宁城关,太湖片-苏沪嘉小片,Ø,40,36,0,4,0,0,0,0,36,1,5,,0.0,0.0,0.0,0.0,0.0
HY01,海盐县城,太湖片-苏沪嘉小片,K,73,64,0,8,0,0,0,0,64,1,6,,0.0,0.0,0.0,0.0,0.0
HY01,海盐县城,太湖片-苏沪嘉小片,M,24,24,0,0,0,0,0,0,24,1,3,,0.0,0.0,0.0,0.0,0.0
HY01,海盐县城,太湖片-苏沪嘉小片,N,24,24,0,0,0,0,0,0,24,1,2,,0.0,0.0,0.0,0.0,0.0
HY01,海盐县城,太湖片-苏沪嘉小片,P,45,44,0,0,0,0,0,1,44,1,4,,0.0,0.0,0.0,0.0,0.0
HY01,海盐县城,太湖片-苏沪嘉小片,T,33,33,0,0,0,0,0,0,33,1,3,,0.0,0.0,0.0,0.0,0.0
HY01,海盐县城,太湖片-苏沪嘉小片,TS,47,47,0,0,0,0,0,0,47,1,4,,0.0,0.0,0.0,0.0,0.0
HY01,海盐县城,太湖片-苏沪嘉小片,Ø,50,47,0,3,0,0,0,0,47,1,6,,0.0,0.0,0.0,0.0,0.0
HZ01,杭州城区,太湖片-杭州小片,K,71,44,0,27,0,0,0,0,44,1,5,,0.0,0.0,0.0,0.0,0.0
HZ01,杭州城区,太湖片-杭州小片,M,20,20,0,0,0,0,0,0,20,1,3,,0.0,0.0,0.0,0.0,0.0
HZ01,杭州城区,太湖片-杭州小片,N,21,21,0,0,0,0,0,0,21,1,3,,0.0,0.0,0.0,0.0,0.0
HZ01,杭州城区,太湖片-杭州小片,P,45,45,0,0,0,0,0,0,45,1,4,,0.0,0.0,0.0,0.0,0.0
HZ01,杭州城区,太湖片-杭州小片,T,38,38,0,0,0,0,0,0,38,1,3,,0.0,0.0,0.0,0.0,0.0
HZ01,杭州城区,太湖片-杭州小片,TS,42,42,0,0,0,0,0,0,42,1,3,,0.0,0.0,0.0,0.0,0.0
HZ01,杭州城区,太湖片-杭州小片,Ø,56,33,0,23,0,0,0,0,33,1,4,,0.0,0.0,0.0,0.0,0.0
HZ02,湖州市区,太湖片-苕溪小片,K,73,69,40,4,0,0,0,0,29,1,5,əu,0.5797101449275363,0.547945205479452,0.0,0.0,0.0
HZ02,湖州市区,太湖片-苕溪小片,M,16,16,0,0,0,0,0,0,16,1,3,,0.0,0.0,0.0,0.0,0.0
HZ02,湖州市区,太湖片-苕溪小片,N,23,23,23,0,0,0,0,0,0,1,1,əu,1.0,1.0,0.0,0.0,0.0
HZ02,湖州市区,太湖片-苕溪小片,P,46,46,0,0,0,0,0,0,46,1,3,,0.0,0.0,0.0,0.0,0.0
HZ02,湖州市区,太湖片-苕溪小片,T,34,34,27,0,0,0,0,0,7,1,3,əu,0.7941176470588235,0.7941176470588235,0.0,0.0,0.0
HZ02,湖州市区,太湖片-苕溪小片,TS,48,48,24,0,0,0,0,0,24,1,3,əu,0.5,0.5,0.0,0.0,0.0
HZ02,湖州市区,太湖片-苕溪小片,Ø,50,43,17,5,0,0,0,0,26,1,6,əu,0.3953488372093023,0.34,0.0,0.0,0.0
JD01,嘉定城关,太湖片-苏沪嘉小片,K,80,70,0,10,0,0,0,0,70,1,4,,0.0,0.0,0.0,0.0,0.0
JD01,嘉定城关,太湖片-苏沪嘉小片,M,23,23,0,0,0,0,0,0,23,1,4,,0.0,0.0,0.0,0.0,0.0
JD01,嘉定城关,太湖片-苏沪嘉小片,N,26,26,0,0,0,0,0,0,26,1,3,,0.0,0.0,0.0,0.0,0.0
JD01,嘉定城关,太湖片-苏沪嘉小片,P,51,51,0,0,0,0,0,0,51,1,3,,0.0,0.0,0.0,0.0,0.0
JD01,嘉定城关,太湖片-苏沪嘉小片,T,36,36,0,0,0,0,0,0,36,1,2,,0.0,0.0,0.0,0.0,0.0
JD01,嘉定城关,太湖片-苏沪嘉小片,TS,53,53,0,0,0,0,0,0,53,1,4,,0.0,0.0,0.0,0.0,0.0
JD01,嘉定城关,太湖片-苏沪嘉小片,Ø,60,53,0,7,0,0,0,0,53,1,6,,0.0,0.0,0.0,0.0,0.0
JJ01,靖江城区,太湖片-毗陵小片,K,38,31,14,7,0,0,0,0,17,1,6,ʌɤ,0.45161290322580644,0.3684210526315789,0.0,0.0,0.0
JJ01,靖江城区,太湖片-毗陵小片,M,11,11,5,0,0,0,0,0,6,1,3,ʌɤ,0.45454545454545453,0.45454545454545453,0.0,0.0,0.0
JJ01,靖江城区,太湖片-毗陵小片,N,11,11,7,0,0,0,0,0,4,1,3,ʌɤ,0.6363636363636364,0.6363636363636364,0.0,0.0,0.0
JJ01,靖江城区,太湖片-毗陵小片,P,31,31,0,0,0,0,0,0,31,1,3,,0.0,0.0,0.0,0.0,0.0
JJ01,靖江城区,太湖片-毗陵小片,T,26,26,11,0,0,0,0,0,15,1,4,ʌɤ,0.4230769230769231,0.4230769230769231,0.0,0.0,0.0
JJ01,靖江城区,太湖片-毗陵小片,TS,28,28,6,0,0,0,0,0,22,1,5,ʌɤ,0.21428571428571427,0.21428571428571427,0.0,0.0,0.0
JJ01,靖江城区,太湖片-毗陵小片,Ø,32,28,11,4,0,0,0,0,17,1,6,ʌɤ,0.39285714285714285,0.34375,0.0,0.0,0.0
JS01,嘉善魏塘镇,太湖片-苏沪嘉小片,K,88,85,0,3,0,0,0,0,85,1,5,,0.0,0.0,0.0,0.0,0.0
JS01,嘉善魏塘镇,太湖片-苏沪嘉小片,M,24,24,0,0,0,0,0,0,24,1,3,,0.0,0.0,0.0,0.0,0.0
JS01,嘉善魏塘镇,太湖片-苏沪嘉小片,N,29,29,0,0,0,0,0,0,29,1,2,,0.0,0.0,0.0,0.0,0.0
JS01,嘉善魏塘镇,太湖片-苏沪嘉小片,P,52,52,0,0,0,0,0,0,52,1,3,,0.0,0.0,0.0,0.0,0.0
JS01,嘉善魏塘镇,太湖片-苏沪嘉小片,T,38,38,0,0,0,0,0,0,38,1,3,,0.0,0.0,0.0,0.0,0.0
JS01,嘉善魏塘镇,太湖片-苏沪嘉小片,TS,56,56,0,0,0,0,0,0,56,1,5,,0.0,0.0,0.0,0.0,0.0
JS01,嘉善魏塘镇,太湖片-苏沪嘉小片,Ø,60,55,0,5,0,0,0,0,55,1,6,,0.0,0.0,0.0,0.0,0.0
JS02,金山,太湖片-苏沪嘉小片,K,75,67,0,8,0,0,0,0,67,1,5,,0.0,0.0,0.0,0.0,0.0
JS02,金山,太湖片-苏沪嘉小片,M,21,21,0,0,0,0,0,0,21,1,3,,0.0,0.0,0.0,0.0,0.0
JS02,金山,太湖片-苏沪嘉小片,N,20,20,0,0,0,0,0,0,20,1,1,,0.0,0.0,0.0,0.0,0.0
JS02,金山,太湖片-苏沪嘉小片,P,46,46,0,0,0,0,0,0,46,1,3,,0.0,0.0,0.0,0.0,0.0
JS02,金山,太湖片-苏沪嘉小片,T,31,31,0,0,0,0,0,0,31,1,3,,0.0,0.0,0.0,0.0,0.0
JS02,金山,太湖片-苏沪嘉小片,TS,45,45,0,0,0,0,0,0,45,1,6,,0.0,0.0,0.0,0.0,0.0
JS02,金山,太湖片-苏沪嘉小片,Ø,50,44,0,6,0,0,0,0,44,1,6,,0.0,0.0,0.0,0.0,0.0
JT01,金坛,太湖片-毗陵小片,K,98,74,22,22,0,0,0,0,52,1,7,əu,0.2972972972972973,0.22448979591836735,0.0,0.0,0.0
JT01,金坛,太湖片-毗陵小片,M,23,21,11,0,0,1,0,1,10,1,5,əu,0.5238095238095238,0.4782608695652174,0.0,0.0,0.043478260869565216
JT01,金坛,太湖片-毗陵小片,N,31,30,12,0,0,1,0,0,18,1,5,əu,0.4,0.3870967741935484,0.0,0.0,0.03225806451612903
JT01,金坛,太湖片-毗陵小片,P,54,54,12,0,0,0,0,0,42,1,4,əu,0.2222222222222222,0.2222222222222222,0.0,0.0,0.0
JT01,金坛,太湖片-毗陵小片,T,39,39,14,0,0,0,0,0,25,1,4,əu,0.358974358974359,0.358974358974359,0.0,0.0,0.0
JT01,金坛,太湖片-毗陵小片,TS,55,52,14,0,3,0,0,0,38,1,5,əu,0.2692307692307692,0.2545454545454545,0.0,0.05454545454545454,0.0
JT01,金坛,太湖片-毗陵小片,Ø,74,55,18,16,2,0,0,1,37,1,8,əu,0.32727272727272727,0.24324324324324326,0.0,0.02702702702702703,0.0
JW01,江湾,太湖片-苏沪嘉小片,K,68,60,0,8,0,0,0,0,60,1,3,,0.0,0.0,0.0,0.0,0.0
JW01,江湾,太湖片-苏沪嘉小片,M,20,20,0,0,0,0,0,0,20,1,3,,0.0,0.0,0.0,0.0,0.0
JW01,江湾,太湖片-苏沪嘉小片,N,16,16,0,0,0,0,0,0,16,1,1,,0.0,0.0,0.0,0.0,0.0
JW01,江湾,太湖片-苏沪嘉小片,P,35,35,0,0,0,0,0,0,35,1,4,,0.0,0.0,0.0,0.0,0.0
JW01,江湾,太湖片-苏沪嘉小片,T,29,29,0,0,0,0,0,0,29,1,2,,0.0,0.0,0.0,0.0,0.0
JW01,江湾,太湖片-苏沪嘉小片,TS,39,39,0,0,0,0,0,0,39,1,5,,0.0,0.0,0.0,0.0,0.0
JW01,江湾,太湖片-苏沪嘉小片,Ø,38,36,0,2,0,0,0,0,36,1,5,,0.0,0.0,0.0,0.0,0.0
JX01,嘉兴城区,太湖片-苏沪嘉小片,K,67,61,0,6,0,0,0,0,61,1,4,,0.0,0.0,0.0,0.0,0.0
JX01,嘉兴城区,太湖片-苏沪嘉小片,M,17,17,0,0,0,0,0,0,17,1,3,,0.0,0.0,0.0,0.0,0.0
JX01,嘉兴城区,太湖片-苏沪嘉小片,N,21,21,0,0,0,0,0,0,21,1,1,,0.0,0.0,0.0,0.0,0.0
JX01,嘉兴城区,太湖片-苏沪嘉小片,P,41,41,0,0,0,0,0,0,41,1,3,,0.0,0.0,0.0,0.0,0.0
JX01,嘉兴城区,太湖片-苏沪嘉小片,T,30,30,0,0,0,0,0,0,30,1,2,,0.0,0.0,0.0,0.0,0.0
JX01,嘉兴城区,太湖片-苏沪嘉小片,TS,49,49,0,0,0,0,0,0,49,1,4,,0.0,0.0,0.0,0.0,0.0
JX01,嘉兴城区,太湖片-苏沪嘉小片,Ø,46,43,0,3,0,0,0,0,43,1,5,,0.0,0.0,0.0,0.0,0.0
JY01,江阴城区澄江镇,太湖片-毗陵小片,K,98,86,24,12,0,0,0,0,62,1,6,əɯ,0.27906976744186046,0.24489795918367346,0.0,0.0,0.0
JY01,江阴城区澄江镇,太湖片-毗陵小片,M,18,18,9,0,0,0,0,0,9,1,4,əɯ,0.5,0.5,0.0,0.0,0.0
JY01,江阴城区澄江镇,太湖片-毗陵小片,N,32,32,28,0,0,0,0,0,4,1,3,əɯ,0.875,0.875,0.0,0.0,0.0
JY01,江阴城区澄江镇,太湖片-毗陵小片,P,49,49,0,0,0,0,0,0,49,1,4,,0.0,0.0,0.0,0.0,0.0
JY01,江阴城区澄江镇,太湖片-毗陵小片,T,41,41,38,0,0,0,0,0,3,1,2,əɯ,0.926829268292683,0.926829268292683,0.0,0.0,0.0
JY01,江阴城区澄江镇,太湖片-毗陵小片,TS,50,50,25,0,0,0,0,0,25,1,4,əɯ,0.5,0.5,0.0,0.0,0.0
JY01,江阴城区澄江镇,太湖片-毗陵小片,Ø,57,54,17,3,0,0,0,0,37,1,6,əɯ,0.3148148148148148,0.2982456140350877,0.0,0.0,0.0
KQ01,柯桥城关,太湖片-临绍小片,K,98,92,0,6,0,0,0,0,92,1,7,,0.0,0.0,0.0,0.0,0.0
KQ01,柯桥城关,太湖片-临绍小片,M,26,26,0,0,0,0,0,0,26,1,4,,0.0,0.0,0.0,0.0,0.0
KQ01,柯桥城关,太湖片-临绍小片,N,35,35,0,0,0,0,0,0,35,1,3,,0.0,0.0,0.0,0.0,0.0
KQ01,柯桥城关,太湖片-临绍小片,P,53,53,0,0,0,0,0,0,53,1,3,,0.0,0.0,0.0,0.0,0.0
KQ01,柯桥城关,太湖片-临绍小片,T,42,42,0,0,0,0,0,0,42,1,3,,0.0,0.0,0.0,0.0,0.0
KQ01,柯桥城关,太湖片-临绍小片,TS,55,54,0,1,0,0,0,0,54,1,4,,0.0,0.0,0.0,0.0,0.0
KQ01,柯桥城关,太湖片-临绍小片,Ø,65,63,0,2,0,0,0,0,63,1,5,,0.0,0.0,0.0,0.0,0.0
KS01,昆山市区玉山镇,太湖片-苏沪嘉小片,K,75,70,46,4,0,0,0,0,24,1,5,əu,0.6571428571428571,0.6133333333333333,0.0,0.0,0.0
KS01,昆山市区玉山镇,太湖片-苏沪嘉小片,M,21,21,0,0,0,0,0,0,21,1,3,,0.0,0.0,0.0,0.0,0.0
KS01,昆山市区玉山镇,太湖片-苏沪嘉小片,N,25,25,25,0,0,0,0,0,0,1,1,əu,1.0,1.0,0.0,0.0,0.0
KS01,昆山市区玉山镇,太湖片-苏沪嘉小片,P,47,47,0,0,0,0,0,0,47,1,3,,0.0,0.0,0.0,0.0,0.0
KS01,昆山市区玉山镇,太湖片-苏沪嘉小片,T,36,36,35,0,0,0,0,0,1,1,2,əu,0.9722222222222222,0.9722222222222222,0.0,0.0,0.0
KS01,昆山市区玉山镇,太湖片-苏沪嘉小片,TS,51,51,24,0,0,0,0,0,27,1,3,əu,0.47058823529411764,0.47058823529411764,0.0,0.0,0.0
KS01,昆山市区玉山镇,太湖片-苏沪嘉小片,Ø,57,53,34,3,0,0,1,0,19,1,7,əu,0.6415094339622641,0.5964912280701754,0.017543859649122806,0.0,0.0
LA01,临安城区,太湖片-临绍小片,K,84,75,0,9,0,0,0,0,75,1,4,,0.0,0.0,0.0,0.0,0.0
LA01,临安城区,太湖片-临绍小片,M,22,22,0,0,0,0,0,0,22,1,2,,0.0,0.0,0.0,0.0,0.0
LA01,临安城区,太湖片-临绍小片,N,23,23,0,0,0,0,0,0,23,1,3,,0.0,0.0,0.0,0.0,0.0
LA01,临安城区,太湖片-临绍小片,P,46,46,0,0,0,0,0,0,46,1,3,,0.0,0.0,0.0,0.0,0.0
LA01,临安城区,太湖片-临绍小片,T,35,35,0,0,0,0,0,0,35,1,3,,0.0,0.0,0.0,0.0,0.0
LA01,临安城区,太湖片-临绍小片,TS,53,53,0,0,0,0,0,0,53,1,3,,0.0,0.0,0.0,0.0,0.0
LA01,临安城区,太湖片-临绍小片,Ø,50,47,0,3,0,0,0,0,47,1,4,,0.0,0.0,0.0,0.0,0.0
LP01,临平五杭,太湖片-苕溪小片,K,74,66,0,7,0,0,1,0,66,1,4,,0.0,0.0,0.013513513513513514,0.0,0.0
LP01,临平五杭,太湖片-苕溪小片,M,21,21,0,0,0,0,0,0,21,1,3,,0.0,0.0,0.0,0.0,0.0
LP01,临平五杭,太湖片-苕溪小片,N,24,22,0,0,0,0,1,1,22,1,3,,0.0,0.0,0.041666666666666664,0.0,0.0
LP01,临平五杭,太湖片-苕溪小片,P,46,46,0,0,0,0,0,0,46,1,4,,0.0,0.0,0.0,0.0,0.0
LP01,临平五杭,太湖片-苕溪小片,T,32,31,0,0,0,0,1,0,31,1,3,,0.0,0.0,0.03125,0.0,0.0
LP01,临平五杭,太湖片-苕溪小片,TS,48,32,0,0,0,0,16,0,32,1,3,,0.0,0.0,0.3333333333333333,0.0,0.0
LP01,临平五杭,太湖片-苕溪小片,Ø,52,40,0,3,0,0,9,0,40,1,4,,0.0,0.0,0.17307692307692307,0.0,0.0
LT01,练塘,太湖片-苏沪嘉小片,K,68,61,0,7,0,0,0,0,61,1,4,,0.0,0.0,0.0,0.0,0.0
LT01,练塘,太湖片-苏沪嘉小片,M,20,20,0,0,0,0,0,0,20,1,3,,0.0,0.0,0.0,0.0,0.0
LT01,练塘,太湖片-苏沪嘉小片,N,16,16,0,0,0,0,0,0,16,1,1,,0.0,0.0,0.0,0.0,0.0
LT01,练塘,太湖片-苏沪嘉小片,P,35,35,0,0,0,0,0,0,35,1,3,,0.0,0.0,0.0,0.0,0.0
LT01,练塘,太湖片-苏沪嘉小片,T,29,29,0,0,0,0,0,0,29,1,3,,0.0,0.0,0.0,0.0,0.0
LT01,练塘,太湖片-苏沪嘉小片,TS,39,39,0,0,0,0,0,0,39,1,3,,0.0,0.0,0.0,0.0,0.0
LT01,练塘,太湖片-苏沪嘉小片,Ø,38,35,0,3,0,0,0,0,35,1,4,,0.0,0.0,0.0,0.0,0.0
LY01,溧阳,太湖片-毗陵小片,K,42,32,14,9,0,0,0,0,18,1,8,ʌɯ,0.4375,0.3333333333333333,0.0,0.0,0.0
LY01,溧阳,太湖片-毗陵小片,M,11,11,5,0,0,0,0,0,6,1,3,ʌɯ,0.45454545454545453,0.45454545454545453,0.0,0.0,0.0
LY01,溧阳,太湖片-毗陵小片,N,11,11,4,0,0,0,0,0,7,1,3,ʌɯ,0.36363636363636365,0.36363636363636365,0.0,0.0,0.0
LY01,溧阳,太湖片-毗陵小片,P,29,29,8,0,0,0,0,0,21,1,4,ʌɯ,0.27586206896551724,0.27586206896551724,0.0,0.0,0.0
LY01,溧阳,太湖片-毗陵小片,T,24,24,10,0,0,0,0,0,14,1,4,ʌɯ,0.4166666666666667,0.4166666666666667,0.0,0.0,0.0
LY01,溧阳,太湖片-毗陵小片,TS,28,28,6,0,0,0,0,0,22,1,4,ʌɯ,0.21428571428571427,0.21428571428571427,0.0,0.0,0.0
LY01,溧阳,太湖片-毗陵小片,Ø,31,27,10,4,0,0,0,0,17,1,6,ʌɯ,0.37037037037037035,0.3225806451612903,0.0,0.0,0.0
MH01,闵行,太湖片-苏沪嘉小片,K,70,64,0,5,0,0,0,0,64,1,5,,0.0,0.0,0.0,0.0,0.0
MH01,闵行,太湖片-苏沪嘉小片,M,18,18,0,0,0,0,0,0,18,1,3,,0.0,0.0,0.0,0.0,0.0
MH01,闵行,太湖片-苏沪嘉小片,N,20,20,0,0,0,0,0,0,20,1,1,,0.0,0.0,0.0,0.0,0.0
MH01,闵行,太湖片-苏沪嘉小片,P,42,42,0,0,0,0,0,0,42,1,5,,0.0,0.0,0.0,0.0,0.0
MH01,闵行,太湖片-苏沪嘉小片,T,34,34,0,0,0,0,0,0,34,1,1,,0.0,0.0,0.0,0.0,0.0
MH01,闵行,太湖片-苏沪嘉小片,TS,38,38,0,0,0,0,0,0,38,1,3,,0.0,0.0,0.0,0.0,0.0
MH01,闵行,太湖片-苏沪嘉小片,Ø,39,36,0,3,0,0,0,0,36,1,5,,0.0,0.0,0.0,0.0,0.0
NB01,宁波市区,太湖片-甬江小片,K,68,62,17,3,0,0,3,0,45,1,7,əu,0.27419354838709675,0.25,0.04411764705882353,0.0,0.0
NB01,宁波市区,太湖片-甬江小片,M,15,15,7,0,0,0,0,0,8,1,3,əu,0.4666666666666667,0.4666666666666667,0.0,0.0,0.0
NB01,宁波市区,太湖片-甬江小片,N,27,27,11,0,0,0,0,0,16,1,4,əu,0.4074074074074074,0.4074074074074074,0.0,0.0,0.0
NB01,宁波市区,太湖片-甬江小片,P,41,41,5,0,0,0,0,0,36,1,5,əu,0.12195121951219512,0.12195121951219512,0.0,0.0,0.0
NB01,宁波市区,太湖片-甬江小片,T,35,35,10,0,0,0,0,0,25,1,4,əu,0.2857142857142857,0.2857142857142857,0.0,0.0,0.0
NB01,宁波市区,太湖片-甬江小片,TS,43,43,10,0,0,0,0,0,33,1,4,əu,0.23255813953488372,0.23255813953488372,0.0,0.0,0.0
NB01,宁波市区,太湖片-甬江小片,Ø,60,49,13,5,0,0,6,0,36,1,8,əu,0.2653061224489796,0.21666666666666667,0.1,0.0,0.0
NH01,南汇惠南镇,太湖片-苏沪嘉小片,K,74,68,0,6,0,0,0,0,68,1,6,,0.0,0.0,0.0,0.0,0.0
NH01,南汇惠南镇,太湖片-苏沪嘉小片,M,20,20,0,0,0,0,0,0,20,1,3,,0.0,0.0,0.0,0.0,0.0
NH01,南汇惠南镇,太湖片-苏沪嘉小片,N,21,21,0,0,0,0,0,0,21,1,3,,0.0,0.0,0.0,0.0,0.0
NH01,南汇惠南镇,太湖片-苏沪嘉小片,P,40,40,0,0,0,0,0,0,40,1,3,,0.0,0.0,0.0,0.0,0.0
NH01,南汇惠南镇,太湖片-苏沪嘉小片,T,34,34,0,0,0,0,0,0,34,1,2,,0.0,0.0,0.0,0.0,0.0
NH01,南汇惠南镇,太湖片-苏沪嘉小片,TS,54,54,0,0,0,0,0,0,54,1,4,,0.0,0.0,0.0,0.0,0.0
NH01,南汇惠南镇,太湖片-苏沪嘉小片,Ø,49,45,0,4,0,0,0,0,45,1,6,,0.0,0.0,0.0,0.0,0.0
NT01,南通金沙镇,太湖片-毗陵小片,K,43,32,14,5,0,0,6,0,18,1,5,ɤɯ,0.4375,0.32558139534883723,0.13953488372093023,0.0,0.0
NT01,南通金沙镇,太湖片-毗陵小片,M,14,13,1,0,0,0,1,0,12,1,6,ɤɯ,0.07692307692307693,0.07142857142857142,0.07142857142857142,0.0,0.0
NT01,南通金沙镇,太湖片-毗陵小片,N,17,17,11,0,0,0,0,0,6,1,3,ɤɯ,0.6470588235294118,0.6470588235294118,0.0,0.0,0.0
NT01,南通金沙镇,太湖片-毗陵小片,P,24,21,4,0,0,0,3,0,17,1,5,ɤɯ,0.19047619047619047,0.16666666666666666,0.125,0.0,0.0
NT01,南通金沙镇,太湖片-毗陵小片,T,18,18,7,0,0,0,0,0,11,1,3,ɤɯ,0.3888888888888889,0.3888888888888889,0.0,0.0,0.0
NT01,南通金沙镇,太湖片-毗陵小片,TS,32,27,8,0,0,0,5,0,19,1,6,ɤɯ,0.2962962962962963,0.25,0.15625,0.0,0.0
NT01,南通金沙镇,太湖片-毗陵小片,Ø,46,35,13,5,0,0,5,1,22,1,7,ɤɯ,0.37142857142857144,0.2826086956521739,0.10869565217391304,0.0,0.0
PB01,彭埠镇,太湖片-杭州小片,K,63,57,0,6,0,0,0,0,57,1,4,,0.0,0.0,0.0,0.0,0.0
PB01,彭埠镇,太湖片-杭州小片,M,17,17,0,0,0,0,0,0,17,1,2,,0.0,0.0,0.0,0.0,0.0
PB01,彭埠镇,太湖片-杭州小片,N,27,27,0,0,0,0,0,0,27,1,2,,0.0,0.0,0.0,0.0,0.0
PB01,彭埠镇,太湖片-杭州小片,P,44,44,0,0,0,0,0,0,44,1,3,,0.0,0.0,0.0,0.0,0.0
PB01,彭埠镇,太湖片-杭州小片,T,35,35,0,0,0,0,0,0,35,1,3,,0.0,0.0,0.0,0.0,0.0
PB01,彭埠镇,太湖片-杭州小片,TS,35,35,0,0,0,0,0,0,35,1,3,,0.0,0.0,0.0,0.0,0.0
PB01,彭埠镇,太湖片-杭州小片,Ø,46,42,0,4,0,0,0,0,42,1,4,,0.0,0.0,0.0,0.0,0.0
PH01,平湖城关,太湖片-苏沪嘉小片,K,71,71,0,0,0,0,0,0,71,1,2,,0.0,0.0,0.0,0.0,0.0
PH01,平湖城关,太湖片-苏沪嘉小片,M,20,20,0,0,0,0,0,0,20,1,2,,0.0,0.0,0.0,0.0,0.0
PH01,平湖城关,太湖片-苏沪嘉小片,N,19,19,0,0,0,0,0,0,19,1,1,,0.0,0.0,0.0,0.0,0.0
PH01,平湖城关,太湖片-苏沪嘉小片,P,42,42,0,0,0,0,0,0,42,1,3,,0.0,0.0,0.0,0.0,0.0
PH01,平湖城关,太湖片-苏沪嘉小片,T,30,30,0,0,0,0,0,0,30,1,2,,0.0,0.0,0.0,0.0,0.0
PH01,平湖城关,太湖片-苏沪嘉小片,TS,49,49,0,0,0,0,0,0,49,1,3,,0.0,0.0,0.0,0.0,0.0
PH01,平湖城关,太湖片-苏沪嘉小片,Ø,44,43,0,1,0,0,0,0,43,1,4,,0.0,0.0,0.0,0.0,0.0
QD01,启东吕四,太湖片-毗陵小片,K,82,63,0,11,0,0,8,0,63,1,7,,0.0,0.0,0.0975609756097561,0.0,0.0
QD01,启东吕四,太湖片-毗陵小片,M,22,22,0,0,0,0,0,0,22,1,2,,0.0,0.0,0.0,0.0,0.0
QD01,启东吕四,太湖片-毗陵小片,N,27,27,0,0,0,0,0,0,27,1,3,,0.0,0.0,0.0,0.0,0.0
QD01,启东吕四,太湖片-毗陵小片,P,48,48,0,0,0,0,0,0,48,1,4,,0.0,0.0,0.0,0.0,0.0
QD01,启东吕四,太湖片-毗陵小片,T,35,35,0,0,0,0,0,0,35,1,3,,0.0,0.0,0.0,0.0,0.0
QD01,启东吕四,太湖片-毗陵小片,TS,49,31,0,0,0,0,18,0,31,1,5,,0.0,0.0,0.3673469387755102,0.0,0.0
QD01,启东吕四,太湖片-毗陵小片,Ø,54,47,0,6,0,0,1,0,47,1,7,,0.0,0.0,0.018518518518518517,0.0,0.0
QP01,青浦商榻,太湖片-苏沪嘉小片,K,79,68,40,11,0,0,0,0,28,1,6,əu,0.5882352941176471,0.5063291139240507,0.0,0.0,0.0
QP01,青浦商榻,太湖片-苏沪嘉小片,M,22,22,3,0,0,0,0,0,19,1,3,əu,0.13636363636363635,0.13636363636363635,0.0,0.0,0.0
QP01,青浦商榻,太湖片-苏沪嘉小片,N,30,29,23,0,0,0,0,1,6,1,5,əu,0.7931034482758621,0.7666666666666667,0.0,0.0,0.0
QP01,青浦商榻,太湖片-苏沪嘉小片,P,49,49,0,0,0,0,0,0,49,1,3,,0.0,0.0,0.0,0.0,0.0
QP01,青浦商榻,太湖片-苏沪嘉小片,T,38,38,31,0,0,0,0,0,7,1,3,əu,0.8157894736842105,0.8157894736842105,0.0,0.0,0.0
QP01,青浦商榻,太湖片-苏沪嘉小片,TS,50,49,22,1,0,0,0,0,27,1,5,əu,0.4489795918367347,0.44,0.0,0.0,0.0
QP01,青浦商榻,太湖片-苏沪嘉小片,Ø,58,53,1,5,0,0,0,0,52,1,6,əu,0.018867924528301886,0.017241379310344827,0.0,0.0,0.0
SH01,上海市区,太湖片-苏沪嘉小片,K,96,91,0,5,0,0,0,0,91,1,3,,0.0,0.0,0.0,0.0,0.0
SH01,上海市区,太湖片-苏沪嘉小片,M,35,35,0,0,0,0,0,0,35,1,4,,0.0,0.0,0.0,0.0,0.0
SH01,上海市区,太湖片-苏沪嘉小片,N,32,32,0,0,0,0,0,0,32,1,3,,0.0,0.0,0.0,0.0,0.0
SH01,上海市区,太湖片-苏沪嘉小片,P,51,51,0,0,0,0,0,0,51,1,3,,0.0,0.0,0.0,0.0,0.0
SH01,上海市区,太湖片-苏沪嘉小片,T,42,42,0,0,0,0,0,0,42,1,2,,0.0,0.0,0.0,0.0,0.0
SH01,上海市区,太湖片-苏沪嘉小片,TS,62,62,0,0,0,0,0,0,62,1,5,,0.0,0.0,0.0,0.0,0.0
SH01,上海市区,太湖片-苏沪嘉小片,Ø,65,59,0,6,0,0,0,0,59,1,6,,0.0,0.0,0.0,0.0,0.0
SJ01,松江镇,太湖片-苏沪嘉小片,K,96,89,0,7,0,0,0,0,89,1,6,,0.0,0.0,0.0,0.0,0.0
SJ01,松江镇,太湖片-苏沪嘉小片,M,30,30,0,0,0,0,0,0,30,1,3,,0.0,0.0,0.0,0.0,0.0
SJ01,松江镇,太湖片-苏沪嘉小片,N,37,37,0,0,0,0,0,0,37,1,4,,0.0,0.0,0.0,0.0,0.0
SJ01,松江镇,太湖片-苏沪嘉小片,P,62,62,0,0,0,0,0,0,62,1,4,,0.0,0.0,0.0,0.0,0.0
SJ01,松江镇,太湖片-苏沪嘉小片,T,43,43,0,0,0,0,0,0,43,1,3,,0.0,0.0,0.0,0.0,0.0
SJ01,松江镇,太湖片-苏沪嘉小片,TS,61,61,0,0,0,0,0,0,61,1,3,,0.0,0.0,0.0,0.0,0.0
SJ01,松江镇,太湖片-苏沪嘉小片,Ø,73,56,0,17,0,0,0,0,56,1,6,,0.0,0.0,0.0,0.0,0.0
SJ02,泗泾,太湖片-苏沪嘉小片,K,68,62,32,6,0,0,0,0,30,1,4,əu,0.5161290322580645,0.47058823529411764,0.0,0.0,0.0
SJ02,泗泾,太湖片-苏沪嘉小片,M,20,20,0,0,0,0,0,0,20,1,3,,0.0,0.0,0.0,0.0,0.0
SJ02,泗泾,太湖片-苏沪嘉小片,N,16,16,0,0,0,0,0,0,16,1,1,,0.0,0.0,0.0,0.0,0.0
SJ02,泗泾,太湖片-苏沪嘉小片,P,36,36,0,0,0,0,0,0,36,1,3,,0.0,0.0,0.0,0.0,0.0
SJ02,泗泾,太湖片-苏沪嘉小片,T,29,29,0,0,0,0,0,0,29,1,2,,0.0,0.0,0.0,0.0,0.0
SJ02,泗泾,太湖片-苏沪嘉小片,TS,40,40,0,0,0,0,0,0,40,1,4,,0.0,0.0,0.0,0.0,0.0
SJ02,泗泾,太湖片-苏沪嘉小片,Ø,38,35,0,3,0,0,0,0,35,1,4,,0.0,0.0,0.0,0.0,0.0
SL01,三林,太湖片-苏沪嘉小片,K,68,62,0,6,0,0,0,0,62,1,5,,0.0,0.0,0.0,0.0,0.0
SL01,三林,太湖片-苏沪嘉小片,M,20,20,0,0,0,0,0,0,20,1,3,,0.0,0.0,0.0,0.0,0.0
SL01,三林,太湖片-苏沪嘉小片,N,16,16,0,0,0,0,0,0,16,1,1,,0.0,0.0,0.0,0.0,0.0
SL01,三林,太湖片-苏沪嘉小片,P,35,35,0,0,0,0,0,0,35,1,3,,0.0,0.0,0.0,0.0,0.0
SL01,三林,太湖片-苏沪嘉小片,T,29,29,0,0,0,0,0,0,29,1,2,,0.0,0.0,0.0,0.0,0.0
SL01,三林,太湖片-苏沪嘉小片,TS,40,31,0,9,0,0,0,0,31,1,5,,0.0,0.0,0.0,0.0,0.0
SL01,三林,太湖片-苏沪嘉小片,Ø,38,35,0,3,0,0,0,0,35,1,5,,0.0,0.0,0.0,0.0,0.0
SX01,绍兴城区东头埭,太湖片-临绍小片,K,95,90,0,5,0,0,0,0,90,1,5,,0.0,0.0,0.0,0.0,0.0
SX01,绍兴城区东头埭,太湖片-临绍小片,M,33,33,0,0,0,0,0,0,33,1,4,,0.0,0.0,0.0,0.0,0.0
SX01,绍兴城区东头埭,太湖片-临绍小片,N,37,37,0,0,0,0,0,0,37,1,3,,0.0,0.0,0.0,0.0,0.0
SX01,绍兴城区东头埭,太湖片-临绍小片,P,58,58,0,0,0,0,0,0,58,1,3,,0.0,0.0,0.0,0.0,0.0
SX01,绍兴城区东头埭,太湖片-临绍小片,T,42,42,0,0,0,0,0,0,42,1,3,,0.0,0.0,0.0,0.0,0.0
SX01,绍兴城区东头埭,太湖片-临绍小片,TS,58,57,0,1,0,0,0,0,57,1,4,,0.0,0.0,0.0,0.0,0.0
SX01,绍兴城区东头埭,太湖片-临绍小片,Ø,72,66,0,5,0,0,0,1,66,1,7,,0.0,0.0,0.0,0.0,0.0
SY02,上虞百官镇,太湖片-临绍小片,K,77,69,0,8,0,0,0,0,69,1,4,,0.0,0.0,0.0,0.0,0.0
SY02,上虞百官镇,太湖片-临绍小片,M,20,20,0,0,0,0,0,0,20,1,3,,0.0,0.0,0.0,0.0,0.0
SY02,上虞百官镇,太湖片-临绍小片,N,30,30,0,0,0,0,0,0,30,1,3,,0.0,0.0,0.0,0.0,0.0
SY02,上虞百官镇,太湖片-临绍小片,P,51,51,0,0,0,0,0,0,51,1,3,,0.0,0.0,0.0,0.0,0.0
SY02,上虞百官镇,太湖片-临绍小片,T,37,37,0,0,0,0,0,0,37,1,3,,0.0,0.0,0.0,0.0,0.0
SY02,上虞百官镇,太湖片-临绍小片,TS,48,47,0,1,0,0,0,0,47,1,4,,0.0,0.0,0.0,0.0,0.0
SY02,上虞百官镇,太湖片-临绍小片,Ø,57,52,0,3,0,0,2,0,52,1,6,,0.0,0.0,0.03508771929824561,0.0,0.0
SZ01,苏州城区,太湖片-苏沪嘉小片,K,87,79,49,8,0,0,0,0,30,1,4,əu,0.620253164556962,0.5632183908045977,0.0,0.0,0.0
SZ01,苏州城区,太湖片-苏沪嘉小片,M,25,25,0,0,0,0,0,0,25,1,3,,0.0,0.0,0.0,0.0,0.0
SZ01,苏州城区,太湖片-苏沪嘉小片,N,29,29,25,0,0,0,0,0,4,1,3,əu,0.8620689655172413,0.8620689655172413,0.0,0.0,0.0
SZ01,苏州城区,太湖片-苏沪嘉小片,P,57,26,0,0,0,0,0,0,26,1,3,,0.0,0.0,0.0,0.0,0.0
SZ01,苏州城区,太湖片-苏沪嘉小片,T,43,43,39,0,0,0,0,0,4,1,2,əu,0.9069767441860465,0.9069767441860465,0.0,0.0,0.0
SZ01,苏州城区,太湖片-苏沪嘉小片,TS,53,53,23,0,0,0,0,0,30,1,5,əu,0.4339622641509434,0.4339622641509434,0.0,0.0,0.0
SZ01,苏州城区,太湖片-苏沪嘉小片,Ø,68,57,39,10,0,0,1,0,18,1,8,əu,0.6842105263157895,0.5735294117647058,0.014705882352941176,0.0,0.0
SZ02,嵊州长乐,太湖片-临绍小片,K,81,76,0,5,0,0,0,0,76,1,7,,0.0,0.0,0.0,0.0,0.0
SZ02,嵊州长乐,太湖片-临绍小片,M,22,22,0,0,0,0,0,0,22,1,3,,0.0,0.0,0.0,0.0,0.0
SZ02,嵊州长乐,太湖片-临绍小片,N,29,29,0,0,0,0,0,0,29,1,3,,0.0,0.0,0.0,0.0,0.0
SZ02,嵊州长乐,太湖片-临绍小片,P,49,49,0,0,0,0,0,0,49,1,4,,0.0,0.0,0.0,0.0,0.0
SZ02,嵊州长乐,太湖片-临绍小片,T,39,39,0,0,0,0,0,0,39,1,4,,0.0,0.0,0.0,0.0,0.0
SZ02,嵊州长乐,太湖片-临绍小片,TS,54,54,0,0,0,0,0,0,54,1,5,,0.0,0.0,0.0,0.0,0.0
SZ02,嵊州长乐,太湖片-临绍小片,Ø,54,51,0,3,0,0,0,0,51,1,7,,0.0,0.0,0.0,0.0,0.0
SZ03,嵊州崇仁镇,太湖片-临绍小片,K,80,80,0,0,0,0,0,0,80,1,3,,0.0,0.0,0.0,0.0,0.0
SZ03,嵊州崇仁镇,太湖片-临绍小片,M,18,18,0,0,0,0,0,0,18,1,3,,0.0,0.0,0.0,0.0,0.0
SZ03,嵊州崇仁镇,太湖片-临绍小片,N,29,29,0,0,0,0,0,0,29,1,3,,0.0,0.0,0.0,0.0,0.0
SZ03,嵊州崇仁镇,太湖片-临绍小片,P,49,49,0,0,0,0,0,0,49,1,3,,0.0,0.0,0.0,0.0,0.0
SZ03,嵊州崇仁镇,太湖片-临绍小片,T,38,38,0,0,0,0,0,0,38,1,3,,0.0,0.0,0.0,0.0,0.0
SZ03,嵊州崇仁镇,太湖片-临绍小片,TS,48,48,0,0,0,0,0,0,48,1,4,,0.0,0.0,0.0,0.0,0.0
SZ03,嵊州崇仁镇,太湖片-临绍小片,Ø,54,54,0,0,0,0,0,0,54,1,3,,0.0,0.0,0.0,0.0,0.0
TC01,太仓沙溪,太湖片-苏沪嘉小片,K,92,81,49,11,0,0,0,0,32,1,5,əu,0.6049382716049383,0.532608695652174,0.0,0.0,0.0
TC01,太仓沙溪,太湖片-苏沪嘉小片,M,26,26,0,0,0,0,0,0,26,1,4,,0.0,0.0,0.0,0.0,0.0
TC01,太仓沙溪,太湖片-苏沪嘉小片,N,31,31,29,0,0,0,0,0,2,1,3,əu,0.9354838709677419,0.9354838709677419,0.0,0.0,0.0
TC01,太仓沙溪,太湖片-苏沪嘉小片,P,57,57,0,0,0,0,0,0,57,1,3,,0.0,0.0,0.0,0.0,0.0
TC01,太仓沙溪,太湖片-苏沪嘉小片,T,40,40,37,0,0,0,0,0,3,1,2,əu,0.925,0.925,0.0,0.0,0.0
TC01,太仓沙溪,太湖片-苏沪嘉小片,TS,58,58,23,0,0,0,0,0,35,1,5,əu,0.39655172413793105,0.39655172413793105,0.0,0.0,0.0
TC01,太仓沙溪,太湖片-苏沪嘉小片,Ø,61,55,1,6,0,0,0,0,54,1,7,əu,0.01818181818181818,0.01639344262295082,0.0,0.0,0.0
TC02,太仓城厢,太湖片-苏沪嘉小片,K,92,81,46,11,0,0,0,0,35,1,4,əu,0.5679012345679012,0.5,0.0,0.0,0.0
TC02,太仓城厢,太湖片-苏沪嘉小片,M,25,25,0,0,0,0,0,0,25,1,2,,0.0,0.0,0.0,0.0,0.0
TC02,太仓城厢,太湖片-苏沪嘉小片,N,33,33,29,0,0,0,0,0,4,1,3,əu,0.8787878787878788,0.8787878787878788,0.0,0.0,0.0
TC02,太仓城厢,太湖片-苏沪嘉小片,P,58,58,0,0,0,0,0,0,58,1,3,,0.0,0.0,0.0,0.0,0.0
TC02,太仓城厢,太湖片-苏沪嘉小片,T,41,41,38,0,0,0,0,0,3,1,2,əu,0.926829268292683,0.926829268292683,0.0,0.0,0.0
TC02,太仓城厢,太湖片-苏沪嘉小片,TS,54,54,24,0,0,0,0,0,30,1,3,əu,0.4444444444444444,0.4444444444444444,0.0,0.0,0.0
TC02,太仓城厢,太湖片-苏沪嘉小片,Ø,63,57,1,6,0,0,0,0,56,1,7,əu,0.017543859649122806,0.015873015873015872,0.0,0.0,0.0
TL01,桐庐镇,太湖片-临绍小片,K,80,56,0,8,0,0,16,0,56,1,5,,0.0,0.0,0.2,0.0,0.0
TL01,桐庐镇,太湖片-临绍小片,M,19,14,0,0,0,0,5,0,14,1,3,,0.0,0.0,0.2631578947368421,0.0,0.0
TL01,桐庐镇,太湖片-临绍小片,N,25,25,0,0,0,0,0,0,25,1,3,,0.0,0.0,0.0,0.0,0.0
TL01,桐庐镇,太湖片-临绍小片,P,48,36,0,0,0,0,12,0,36,1,3,,0.0,0.0,0.25,0.0,0.0
TL01,桐庐镇,太湖片-临绍小片,T,37,37,0,0,0,0,0,0,37,1,3,,0.0,0.0,0.0,0.0,0.0
TL01,桐庐镇,太湖片-临绍小片,TS,45,30,0,0,0,0,15,0,30,1,3,,0.0,0.0,0.3333333333333333,0.0,0.0
TL01,桐庐镇,太湖片-临绍小片,Ø,57,42,0,5,0,0,10,0,42,1,5,,0.0,0.0,0.17543859649122806,0.0,0.0
TX01,桐乡城区,太湖片-苏沪嘉小片,K,58,51,0,7,0,0,0,0,51,1,4,,0.0,0.0,0.0,0.0,0.0
TX01,桐乡城区,太湖片-苏沪嘉小片,M,18,18,0,0,0,0,0,0,18,1,2,,0.0,0.0,0.0,0.0,0.0
TX01,桐乡城区,太湖片-苏沪嘉小片,N,20,20,0,0,0,0,0,0,20,1,3,,0.0,0.0,0.0,0.0,0.0
TX01,桐乡城区,太湖片-苏沪嘉小片,P,54,54,0,0,0,0,0,0,54,1,3,,0.0,0.0,0.0,0.0,0.0
TX01,桐乡城区,太湖片-苏沪嘉小片,T,28,28,0,0,0,0,0,0,28,1,3,,0.0,0.0,0.0,0.0,0.0
TX01,桐乡城区,太湖片-苏沪嘉小片,TS,51,51,0,0,0,0,0,0,51,1,3,,0.0,0.0,0.0,0.0,0.0
TX01,桐乡城区,太湖片-苏沪嘉小片,Ø,33,30,0,3,0,0,0,0,30,1,6,,0.0,0.0,0.0,0.0,0.0
WJ01,吴江市松陵,太湖片-苏沪嘉小片,K,73,63,38,10,0,0,0,0,25,1,5,əu,0.6031746031746031,0.5205479452054794,0.0,0.0,0.0
WJ01,吴江市松陵,太湖片-苏沪嘉小片,M,21,21,0,0,0,0,0,0,21,1,3,,0.0,0.0,0.0,0.0,0.0
WJ01,吴江市松陵,太湖片-苏沪嘉小片,N,24,24,23,0,0,0,0,0,1,1,2,əu,0.9583333333333334,0.9583333333333334,0.0,0.0,0.0
WJ01,吴江市松陵,太湖片-苏沪嘉小片,P,40,40,0,0,0,0,0,0,40,1,3,,0.0,0.0,0.0,0.0,0.0
WJ01,吴江市松陵,太湖片-苏沪嘉小片,T,31,31,30,0,0,0,0,0,1,1,2,əu,0.967741935483871,0.967741935483871,0.0,0.0,0.0
WJ01,吴江市松陵,太湖片-苏沪嘉小片,TS,46,46,21,0,0,0,0,0,25,1,4,əu,0.45652173913043476,0.45652173913043476,0.0,0.0,0.0
WJ01,吴江市松陵,太湖片-苏沪嘉小片,Ø,49,46,8,3,0,0,0,0,38,1,8,əu,0.17391304347826086,0.16326530612244897,0.0,0.0,0.0
WJ02,吴江芦墟,太湖片-苏沪嘉小片,K,56,52,36,4,0,0,0,0,16,1,3,əu,0.6923076923076923,0.6428571428571429,0.0,0.0,0.0
WJ02,吴江芦墟,太湖片-苏沪嘉小片,M,13,13,2,0,0,0,0,0,11,1,3,əu,0.15384615384615385,0.15384615384615385,0.0,0.0,0.0
WJ02,吴江芦墟,太湖片-苏沪嘉小片,N,18,18,18,0,0,0,0,0,0,1,1,əu,1.0,1.0,0.0,0.0,0.0
WJ02,吴江芦墟,太湖片-苏沪嘉小片,P,37,37,0,0,0,0,0,0,37,1,3,,0.0,0.0,0.0,0.0,0.0
WJ02,吴江芦墟,太湖片-苏沪嘉小片,T,32,32,30,0,0,0,0,0,2,1,3,əu,0.9375,0.9375,0.0,0.0,0.0
WJ02,吴江芦墟,太湖片-苏沪嘉小片,TS,39,39,17,0,0,0,0,0,22,1,4,əu,0.4358974358974359,0.4358974358974359,0.0,0.0,0.0
WJ02,吴江芦墟,太湖片-苏沪嘉小片,Ø,34,31,1,3,0,0,0,0,30,1,5,əu,0.03225806451612903,0.029411764705882353,0.0,0.0,0.0
WX01,无锡城区,太湖片-苏沪嘉小片,K,91,78,22,12,0,0,0,0,56,1,5,əɯ,0.28205128205128205,0.24175824175824176,0.0,0.0,0.0
WX01,无锡城区,太湖片-苏沪嘉小片,M,23,23,12,0,0,0,0,0,11,1,4,əɯ,0.5217391304347826,0.5217391304347826,0.0,0.0,0.0
WX01,无锡城区,太湖片-苏沪嘉小片,N,29,29,27,0,0,0,0,0,2,1,3,əɯ,0.9310344827586207,0.9310344827586207,0.0,0.0,0.0
WX01,无锡城区,太湖片-苏沪嘉小片,P,53,53,31,0,0,0,0,0,22,1,3,əɯ,0.5849056603773585,0.5849056603773585,0.0,0.0,0.0
WX01,无锡城区,太湖片-苏沪嘉小片,T,37,37,36,0,0,0,0,0,1,1,2,əɯ,0.972972972972973,0.972972972972973,0.0,0.0,0.0
WX01,无锡城区,太湖片-苏沪嘉小片,TS,53,52,36,1,0,0,0,0,16,1,3,əɯ,0.6923076923076923,0.6792452830188679,0.0,0.0,0.0
WX01,无锡城区,太湖片-苏沪嘉小片,Ø,60,53,15,6,0,0,0,1,38,1,5,əɯ,0.2830188679245283,0.25,0.0,0.0,0.0
WX02,吴县光福镇,太湖片-苏沪嘉小片,K,89,79,56,10,0,0,0,0,23,1,3,əu,0.7088607594936709,0.6292134831460674,0.0,0.0,0.0
WX02,吴县光福镇,太湖片-苏沪嘉小片,M,21,21,0,0,0,0,0,0,21,1,2,,0.0,0.0,0.0,0.0,0.0
WX02,吴县光福镇,太湖片-苏沪嘉小片,N,28,28,28,0,0,0,0,0,0,1,1,əu,1.0,1.0,0.0,0.0,0.0
WX02,吴县光福镇,太湖片-苏沪嘉小片,P,50,50,0,0,0,0,0,0,50,1,3,,0.0,0.0,0.0,0.0,0.0
WX02,吴县光福镇,太湖片-苏沪嘉小片,T,37,37,36,0,0,0,0,0,1,1,2,əu,0.972972972972973,0.972972972972973,0.0,0.0,0.0
WX02,吴县光福镇,太湖片-苏沪嘉小片,TS,45,45,19,0,0,0,0,0,26,1,4,əu,0.4222222222222222,0.4222222222222222,0.0,0.0,0.0
WX02,吴县光福镇,太湖片-苏沪嘉小片,Ø,57,52,36,5,0,0,0,0,16,1,5,əu,0.6923076923076923,0.631578947368421,0.0,0.0,0.0
XC01,新昌城关,太湖片-临绍小片,K,75,68,0,7,0,0,0,0,68,1,5,,0.0,0.0,0.0,0.0,0.0
XC01,新昌城关,太湖片-临绍小片,M,22,22,0,0,0,0,0,0,22,1,4,,0.0,0.0,0.0,0.0,0.0
XC01,新昌城关,太湖片-临绍小片,N,24,24,0,0,0,0,0,0,24,1,3,,0.0,0.0,0.0,0.0,0.0
XC01,新昌城关,太湖片-临绍小片,P,45,45,0,0,0,0,0,0,45,1,5,,0.0,0.0,0.0,0.0,0.0
XC01,新昌城关,太湖片-临绍小片,T,38,38,0,0,0,0,0,0,38,1,3,,0.0,0.0,0.0,0.0,0.0
XC01,新昌城关,太湖片-临绍小片,TS,46,46,0,0,0,0,0,0,46,1,4,,0.0,0.0,0.0,0.0,0.0
XC01,新昌城关,太湖片-临绍小片,Ø,40,37,0,3,0,0,0,0,37,1,5,,0.0,0.0,0.0,0.0,0.0
XD01,新登下港,太湖片-临绍小片,K,86,76,0,9,1,0,0,0,76,1,7,,0.0,0.0,0.0,0.011627906976744186,0.0
XD01,新登下港,太湖片-临绍小片,M,22,22,0,0,0,0,0,0,22,1,3,,0.0,0.0,0.0,0.0,0.0
XD01,新登下港,太湖片-临绍小片,N,28,28,0,0,0,0,0,0,28,1,3,,0.0,0.0,0.0,0.0,0.0
XD01,新登下港,太湖片-临绍小片,P,51,51,0,0,0,0,0,0,51,1,4,,0.0,0.0,0.0,0.0,0.0
XD01,新登下港,太湖片-临绍小片,T,39,39,0,0,0,0,0,0,39,1,2,,0.0,0.0,0.0,0.0,0.0
XD01,新登下港,太湖片-临绍小片,TS,54,30,0,7,0,0,17,0,30,1,4,,0.0,0.0,0.3148148148148148,0.0,0.0
XD01,新登下港,太湖片-临绍小片,Ø,60,54,0,5,0,0,1,0,54,1,6,,0.0,0.0,0.016666666666666666,0.0,0.0
XH02,萧山城厢,太湖片-临绍小片,K,77,69,0,8,0,0,0,0,69,1,5,,0.0,0.0,0.0,0.0,0.0
XH02,萧山城厢,太湖片-临绍小片,M,21,21,0,0,0,0,0,0,21,1,2,,0.0,0.0,0.0,0.0,0.0
XH02,萧山城厢,太湖片-临绍小片,N,29,29,0,0,0,0,0,0,29,1,3,,0.0,0.0,0.0,0.0,0.0
XH02,萧山城厢,太湖片-临绍小片,P,50,50,0,0,0,0,0,0,50,1,3,,0.0,0.0,0.0,0.0,0.0
XH02,萧山城厢,太湖片-临绍小片,T,38,38,0,0,0,0,0,0,38,1,3,,0.0,0.0,0.0,0.0,0.0
XH02,萧山城厢,太湖片-临绍小片,TS,53,53,0,0,0,0,0,0,53,1,3,,0.0,0.0,0.0,0.0,0.0
XH02,萧山城厢,太湖片-临绍小片,Ø,63,55,0,8,0,0,0,0,55,1,6,,0.0,0.0,0.0,0.0,0.0
XS01,象山丹城,太湖片-甬江小片,K,82,76,0,6,0,0,0,0,76,1,4,,0.0,0.0,0.0,0.0,0.0
XS01,象山丹城,太湖片-甬江小片,M,23,23,0,0,0,0,0,0,23,1,3,,0.0,0.0,0.0,0.0,0.0
XS01,象山丹城,太湖片-甬江小片,N,31,31,0,0,0,0,0,0,31,1,3,,0.0,0.0,0.0,0.0,0.0
XS01,象山丹城,太湖片-甬江小片,P,51,51,0,0,0,0,0,0,51,1,3,,0.0,0.0,0.0,0.0,0.0
XS01,象山丹城,太湖片-甬江小片,T,37,37,0,0,0,0,0,0,37,1,3,,0.0,0.0,0.0,0.0,0.0
XS01,象山丹城,太湖片-甬江小片,TS,52,52,0,0,0,0,0,0,52,1,3,,0.0,0.0,0.0,0.0,0.0
XS01,象山丹城,太湖片-甬江小片,Ø,55,51,0,4,0,0,0,0,51,1,4,,0.0,0.0,0.0,0.0,0.0
XS03,萧山南阳镇,太湖片-临绍小片,K,72,65,0,7,0,0,0,0,65,1,4,,0.0,0.0,0.0,0.0,0.0
XS03,萧山南阳镇,太湖片-临绍小片,M,14,14,0,0,0,0,0,0,14,1,2,,0.0,0.0,0.0,0.0,0.0
XS03,萧山南阳镇,太湖片-临绍小片,N,24,24,0,0,0,0,0,0,24,1,2,,0.0,0.0,0.0,0.0,0.0
XS03,萧山南阳镇,太湖片-临绍小片,P,42,42,0,0,0,0,0,0,42,1,3,,0.0,0.0,0.0,0.0,0.0
XS03,萧山南阳镇,太湖片-临绍小片,T,32,32,0,0,0,0,0,0,32,1,2,,0.0,0.0,0.0,0.0,0.0
XS03,萧山南阳镇,太湖片-临绍小片,TS,44,44,0,0,0,0,0,0,44,1,3,,0.0,0.0,0.0,0.0,0.0
XS03,萧山南阳镇,太湖片-临绍小片,Ø,44,44,0,0,0,0,0,0,44,1,3,,0.0,0.0,0.0,0.0,0.0
XZ01,莘庄,太湖片-苏沪嘉小片,K,68,60,0,8,0,0,0,0,60,1,5,,0.0,0.0,0.0,0.0,0.0
XZ01,莘庄,太湖片-苏沪嘉小片,M,19,19,0,0,0,0,0,0,19,1,2,,0.0,0.0,0.0,0.0,0.0
XZ01,莘庄,太湖片-苏沪嘉小片,N,17,17,0,0,0,0,0,0,17,1,1,,0.0,0.0,0.0,0.0,0.0
XZ01,莘庄,太湖片-苏沪嘉小片,P,35,35,0,0,0,0,0,0,35,1,3,,0.0,0.0,0.0,0.0,0.0
XZ01,莘庄,太湖片-苏沪嘉小片,T,29,29,0,0,0,0,0,0,29,1,2,,0.0,0.0,0.0,0.0,0.0
XZ01,莘庄,太湖片-苏沪嘉小片,TS,43,43,0,0,0,0,0,0,43,1,4,,0.0,0.0,0.0,0.0,0.0
XZ01,莘庄,太湖片-苏沪嘉小片,Ø,41,36,0,5,0,0,0,0,36,1,5,,0.0,0.0,0.0,0.0,0.0
YQ01,於潜,太湖片-临绍小片,K,77,56,0,16,0,0,5,0,56,1,4,,0.0,0.0,0.06493506493506493,0.0,0.0
YQ01,於潜,太湖片-临绍小片,M,22,14,0,0,0,0,8,0,14,1,3,,0.0,0.0,0.36363636363636365,0.0,0.0
YQ01,於潜,太湖片-临绍小片,N,26,26,0,0,0,0,0,0,26,1,3,,0.0,0.0,0.0,0.0,0.0
YQ01,於潜,太湖片-临绍小片,P,50,36,0,0,0,0,14,0,36,1,3,,0.0,0.0,0.28,0.0,0.0
YQ01,於潜,太湖片-临绍小片,T,40,40,0,0,0,0,0,0,40,1,2,,0.0,0.0,0.0,0.0,0.0
YQ01,於潜,太湖片-临绍小片,TS,53,38,0,0,0,0,15,0,38,1,4,,0.0,0.0,0.2830188679245283,0.0,0.0
YQ01,於潜,太湖片-临绍小片,Ø,50,38,0,3,0,0,9,0,38,1,4,,0.0,0.0,0.18,0.0,0.0
YX01,宜兴,太湖片-毗陵小片,K,86,69,0,15,0,0,0,0,69,1,7,,0.0,0.0,0.0,0.0,0.0
YX01,宜兴,太湖片-毗陵小片,M,17,12,0,0,0,5,0,0,12,1,4,,0.0,0.0,0.0,0.0,0.29411764705882354
YX01,宜兴,太湖片-毗陵小片,N,27,26,0,0,0,1,0,0,26,1,4,,0.0,0.0,0.0,0.0,0.037037037037037035
YX01,宜兴,太湖片-毗陵小片,P,46,37,0,0,0,8,0,1,37,1,5,,0.0,0.0,0.0,0.0,0.17391304347826086
YX01,宜兴,太湖片-毗陵小片,T,36,36,0,0,0,0,0,0,36,1,3,,0.0,0.0,0.0,0.0,0.0
YX01,宜兴,太湖片-毗陵小片,TS,51,51,0,0,0,0,0,0,51,1,4,,0.0,0.0,0.0,0.0,0.0
YX01,宜兴,太湖片-毗陵小片,Ø,56,47,0,8,0,0,0,1,47,1,8,,0.0,0.0,0.0,0.0,0.0
YX02,鄞县中区,太湖片-甬江小片,K,79,73,23,6,0,0,0,0,50,1,6,əu,0.3150684931506849,0.2911392405063291,0.0,0.0,0.0
YX02,鄞县中区,太湖片-甬江小片,M,24,24,11,0,0,0,0,0,13,1,5,əu,0.4583333333333333,0.4583333333333333,0.0,0.0,0.0
YX02,鄞县中区,太湖片-甬江小片,N,25,25,10,0,0,0,0,0,15,1,3,əu,0.4,0.4,0.0,0.0,0.0
YX02,鄞县中区,太湖片-甬江小片,P,49,49,11,0,0,0,0,0,38,1,4,əu,0.22448979591836735,0.22448979591836735,0.0,0.0,0.0
YX02,鄞县中区,太湖片-甬江小片,T,36,36,12,0,0,0,0,0,24,1,4,əu,0.3333333333333333,0.3333333333333333,0.0,0.0,0.0
YX02,鄞县中区,太湖片-甬江小片,TS,46,46,12,0,0,0,0,0,34,1,4,əu,0.2608695652173913,0.2608695652173913,0.0,0.0,0.0
YX02,鄞县中区,太湖片-甬江小片,Ø,55,52,16,3,0,0,0,0,36,1,6,əu,0.3076923076923077,0.2909090909090909,0.0,0.0,0.0
YY01,余姚城关,太湖片-临绍小片,K,85,75,25,7,0,0,0,0,50,1,7,ou,0.3333333333333333,0.29411764705882354,0.0,0.0,0.0
YY01,余姚城关,太湖片-临绍小片,M,26,26,12,0,0,0,0,0,14,1,3,ou,0.46153846153846156,0.46153846153846156,0.0,0.0,0.0
YY01,余姚城关,太湖片-临绍小片,N,27,27,11,0,0,0,0,0,16,1,2,ou,0.4074074074074074,0.4074074074074074,0.0,0.0,0.0
YY01,余姚城关,太湖片-临绍小片,P,50,50,7,0,0,0,0,0,43,1,4,ou,0.14,0.14,0.0,0.0,0.0
YY01,余姚城关,太湖片-临绍小片,T,38,38,15,0,0,0,0,0,23,1,3,ou,0.39473684210526316,0.39473684210526316,0.0,0.0,0.0
YY01,余姚城关,太湖片-临绍小片,TS,53,44,14,0,0,0,0,0,30,1,4,ou,0.3181818181818182,0.2641509433962264,0.0,0.0,0.0
YY01,余姚城关,太湖片-临绍小片,Ø,57,56,17,1,0,0,0,0,39,1,5,ou,0.30357142857142855,0.2982456140350877,0.0,0.0,0.0
ZJ01,诸暨城关,太湖片-临绍小片,K,65,38,0,8,19,0,0,0,38,1,5,,0.0,0.0,0.0,0.2923076923076923,0.0
ZJ01,诸暨城关,太湖片-临绍小片,M,18,8,0,0,10,0,0,0,8,1,3,,0.0,0.0,0.0,0.5555555555555556,0.0
ZJ01,诸暨城关,太湖片-临绍小片,N,17,10,0,0,7,0,0,0,10,1,2,,0.0,0.0,0.0,0.4117647058823529,0.0
ZJ01,诸暨城关,太湖片-临绍小片,P,46,35,0,0,11,0,0,0,35,1,4,,0.0,0.0,0.0,0.2391304347826087,0.0
ZJ01,诸暨城关,太湖片-临绍小片,T,35,22,0,0,13,0,0,0,22,1,3,,0.0,0.0,0.0,0.37142857142857144,0.0
ZJ01,诸暨城关,太湖片-临绍小片,TS,50,41,0,0,9,0,0,0,41,1,4,,0.0,0.0,0.0,0.18,0.0
ZJ01,诸暨城关,太湖片-临绍小片,Ø,38,21,0,4,13,0,0,0,21,1,6,,0.0,0.0,0.0,0.34210526315789475,0.0
ZJ02,诸暨璜山镇,太湖片-临绍小片,K,86,79,26,7,0,0,0,0,53,1,6,ɤɯ,0.3291139240506329,0.3023255813953488,0.0,0.0,0.0
ZJ02,诸暨璜山镇,太湖片-临绍小片,M,20,20,11,0,0,0,0,0,9,1,3,ɤɯ,0.55,0.55,0.0,0.0,0.0
ZJ02,诸暨璜山镇,太湖片-临绍小片,N,23,23,7,0,0,0,0,0,16,1,2,ɤɯ,0.30434782608695654,0.30434782608695654,0.0,0.0,0.0
ZJ02,诸暨璜山镇,太湖片-临绍小片,P,50,50,9,0,0,0,0,0,41,1,4,ɤɯ,0.18,0.18,0.0,0.0,0.0
ZJ02,诸暨璜山镇,太湖片-临绍小片,T,36,36,12,0,0,0,0,0,24,1,3,ɤɯ,0.3333333333333333,0.3333333333333333,0.0,0.0,0.0
ZJ02,诸暨璜山镇,太湖片-临绍小片,TS,47,47,10,0,0,0,0,0,37,1,4,ɤɯ,0.2127659574468085,0.2127659574468085,0.0,0.0,0.0
ZJ02,诸暨璜山镇,太湖片-临绍小片,Ø,48,42,11,6,0,0,0,0,31,1,7,ɤɯ,0.2619047619047619,0.22916666666666666,0.0,0.0,0.0
ZJ03,诸暨直埠镇,太湖片-临绍小片,K,61,60,19,1,0,0,0,0,41,1,5,ou,0.31666666666666665,0.3114754098360656,0.0,0.0,0.0
ZJ03,诸暨直埠镇,太湖片-临绍小片,M,17,17,4,0,0,0,0,0,13,1,4,ou,0.23529411764705882,0.23529411764705882,0.0,0.0,0.0
ZJ03,诸暨直埠镇,太湖片-临绍小片,N,18,18,5,0,0,0,0,0,13,1,2,ou,0.2777777777777778,0.2777777777777778,0.0,0.0,0.0
ZJ03,诸暨直埠镇,太湖片-临绍小片,P,34,34,7,0,0,0,0,0,27,1,4,ou,0.20588235294117646,0.20588235294117646,0.0,0.0,0.0
ZJ03,诸暨直埠镇,太湖片-临绍小片,T,27,27,8,0,0,0,0,0,19,1,3,ou,0.2962962962962963,0.2962962962962963,0.0,0.0,0.0
ZJ03,诸暨直埠镇,太湖片-临绍小片,TS,43,43,8,0,0,0,0,0,35,1,4,ou,0.18604651162790697,0.18604651162790697,0.0,0.0,0.0
ZJ03,诸暨直埠镇,太湖片-临绍小片,Ø,27,25,9,2,0,0,0,0,16,1,5,ou,0.36,0.3333333333333333,0.0,0.0,0.0
ZP01,周浦,太湖片-苏沪嘉小片,K,68,62,0,6,0,0,0,0,62,1,5,,0.0,0.0,0.0,0.0,0.0
ZP01,周浦,太湖片-苏沪嘉小片,M,20,20,0,0,0,0,0,0,20,1,3,,0.0,0.0,0.0,0.0,0.0
ZP01,周浦,太湖片-苏沪嘉小片,N,16,16,0,0,0,0,0,0,16,1,1,,0.0,0.0,0.0,0.0,0.0
ZP01,周浦,太湖片-苏沪嘉小片,P,35,35,0,0,0,0,0,0,35,1,3,,0.0,0.0,0.0,0.0,0.0
ZP01,周浦,太湖片-苏沪嘉小片,T,29,29,0,0,0,0,0,0,29,1,2,,0.0,0.0,0.0,0.0,0.0
ZP01,周浦,太湖片-苏沪嘉小片,TS,40,31,0,9,0,0,0,0,31,1,5,,0.0,0.0,0.0,0.0,0.0
ZP01,周浦,太湖片-苏沪嘉小片,Ø,38,35,0,3,0,0,0,0,35,1,4,,0.0,0.0,0.0,0.0,0.0
ZR01,真如,太湖片-苏沪嘉小片,K,68,59,0,9,0,0,0,0,59,1,3,,0.0,0.0,0.0,0.0,0.0
ZR01,真如,太湖片-苏沪嘉小片,M,20,20,0,0,0,0,0,0,20,1,3,,0.0,0.0,0.0,0.0,0.0
ZR01,真如,太湖片-苏沪嘉小片,N,16,16,0,0,0,0,0,0,16,1,1,,0.0,0.0,0.0,0.0,0.0
ZR01,真如,太湖片-苏沪嘉小片,P,35,35,0,0,0,0,0,0,35,1,3,,0.0,0.0,0.0,0.0,0.0
ZR01,真如,太湖片-苏沪嘉小片,T,29,29,0,0,0,0,0,0,29,1,2,,0.0,0.0,0.0,0.0,0.0
ZR01,真如,太湖片-苏沪嘉小片,TS,39,39,0,0,0,0,0,0,39,1,3,,0.0,0.0,0.0,0.0,0.0
ZR01,真如,太湖片-苏沪嘉小片,Ø,38,35,0,3,0,0,0,0,35,1,5,,0.0,0.0,0.0,0.0,0.0
ZS01,舟山定海,太湖片-甬江小片,K,91,60,0,9,0,22,0,0,60,1,5,,0.0,0.0,0.0,0.0,0.24175824175824176
ZS01,舟山定海,太湖片-甬江小片,M,21,9,0,0,0,12,0,0,9,1,3,,0.0,0.0,0.0,0.0,0.5714285714285714
ZS01,舟山定海,太湖片-甬江小片,N,27,17,0,0,0,10,0,0,17,1,4,,0.0,0.0,0.0,0.0,0.37037037037037035
ZS01,舟山定海,太湖片-甬江小片,P,53,44,0,0,0,9,0,0,44,1,4,,0.0,0.0,0.0,0.0,0.16981132075471697
ZS01,舟山定海,太湖片-甬江小片,T,39,27,0,0,0,12,0,0,27,1,4,,0.0,0.0,0.0,0.0,0.3076923076923077
ZS01,舟山定海,太湖片-甬江小片,TS,52,39,0,0,0,13,0,0,39,1,4,,0.0,0.0,0.0,0.0,0.25
ZS01,舟山定海,太湖片-甬江小片,Ø,53,38,0,2,0,13,0,0,38,1,5,,0.0,0.0,0.0,0.0,0.24528301886792453
