point_name,subbranch,lat,lon
新昌城关,太湖片-临绍小片,29.51218962718775,120.90152839470582
嵊州长乐,太湖片-临绍小片,29.462161931063488,120.61343546829319
嵊州崇仁镇,太湖片-临绍小片,29.597058890479932,120.71305579108135
诸暨直埠镇,太湖片-临绍小片,29.830264930206422, 120.25018581892839
桐庐镇,太湖片-临绍小片,29.7884967854026, 119.68688228167676
柯桥城关,太湖片-临绍小片,29.748521349147794, 120.55618144462922
上虞百官镇,太湖片-临绍小片,30.032842843789126, 120.86882647540975
新登下港,太湖片-临绍小片,30.055044192081926, 119.70643910381924
萧山城厢,太湖片-临绍小片,30.184673237617087, 120.26218610190767
富阳东梓关,太湖片-临绍小片,29.888746645740536, 119.82322508571217
富阳城关,太湖片-临绍小片,30.016640485311385, 119.98190231282108
萧山南阳镇,太湖片-临绍小片,30.264074721662567, 120.44397314596198
绍兴城区东头埭,太湖片-临绍小片,29.993518344339964, 120.58871374901305
余姚城关,太湖片-临绍小片,30.03828439897687, 121.15542443185122
诸暨城关,太湖片-临绍小片,29.7117133107683, 120.24004681294585
诸暨璜山镇,太湖片-临绍小片,29.571826761282235, 120.33308245398153
慈溪逍林,太湖片-临绍小片,30.176553474815535, 121.32252733323982
杭州城区,太湖片-杭州小片,30.28706827929675, 120.1526233988192
金坛,太湖片-毗陵小片,31.722801327048952, 119.59665998366492
南通金沙镇,太湖片-毗陵小片,32.07952490070315, 121.0797065725066
靖江城区,太湖片-毗陵小片,32.014549490723574, 120.27535869012826
江阴城区澄江镇,太湖片-毗陵小片,31.91856501026851, 120.28546180941228
常州,太湖片-毗陵小片,31.817299970768328, 119.98167946067193
郎溪梅渚镇定埠,太湖片-毗陵小片,31.26422864475738, 119.21214886627473
宜兴,太湖片-毗陵小片,31.34176176690364, 119.82862754717812
丹阳,太湖片-毗陵小片,32.00504378566424, 119.60890125492247
溧阳,太湖片-毗陵小片,31.434264738248665, 119.49640303729687
启东吕四,太湖片-毗陵小片,32.07521449652023, 121.6031682403422
北仑城关,太湖片-甬江小片,29.898119267560766, 121.85551613457041
宁波市区,太湖片-甬江小片,29.882641254266098, 121.55751200020597
奉化西坞,太湖片-甬江小片,29.680714793011017, 121.49111464156623
鄞县中区,太湖片-甬江小片,29.816552546783488, 121.54599962737127
象山丹城,太湖片-甬江小片,29.47877399078279, 121.8761040477852
舟山定海,太湖片-甬江小片,30.021127079101433, 122.11093332969364
莘庄,太湖片-苏沪嘉小片,31.124822322270933, 121.36994323180723
吴江市松陵,太湖片-苏沪嘉小片,31.151716675903405, 120.64901016522083
太仓沙溪,太湖片-苏沪嘉小片,31.556696948018278, 121.07694150440597
吴江芦墟,太湖片-苏沪嘉小片,31.009803453390855, 120.83681736613912
无锡城区,太湖片-苏沪嘉小片,31.5672385460996, 120.3044028357254
吴县光福镇,太湖片-苏沪嘉小片,31.283712541086764, 120.39250256018134
苏州城区,太湖片-苏沪嘉小片,31.29881005567972, 120.58424659495059
桐乡城区,太湖片-苏沪嘉小片,30.62837635390344, 120.55967958073325
闵行,太湖片-苏沪嘉小片,31.028221, 121.447195
上海市区,太湖片-苏沪嘉小片,31.245251317000687, 121.47209312541509
宝山,太湖片-苏沪嘉小片,31.407893625625558, 121.48230882788081
崇明城关,太湖片-苏沪嘉小片,31.62502137629809, 121.39837364780429
川沙浦东,太湖片-苏沪嘉小片,31.47225912217096, 121.36572899634231
常熟虞山镇,太湖片-苏沪嘉小片,31.591588596011814, 120.71950098393457
枫泾镇,太湖片-苏沪嘉小片,30.94686047887636, 121.06526585497572
奉贤,太湖片-苏沪嘉小片,30.91897527897765, 121.472539149005
海门镇沙地话,太湖片-苏沪嘉小片,31.885676394139402, 121.15836100693875
海宁城关,太湖片-苏沪嘉小片,30.51747651962801, 120.67311840279037
松江镇,太湖片-苏沪嘉小片,31.036008868377273, 121.22465745683684
海盐县城,太湖片-苏沪嘉小片,30.52484608182146, 120.943411857842
嘉定城关,太湖片-苏沪嘉小片,31.375152300679105, 121.2715824755144
嘉善魏塘镇,太湖片-苏沪嘉小片,30.85581735072176, 120.89532033139976
金山,太湖片-苏沪嘉小片,30.819522049912862, 121.0509678474497
嘉兴城区,太湖片-苏沪嘉小片,30.759566738914614, 120.77338166132185
昆山市区玉山镇,太湖片-苏沪嘉小片,31.41100143999111, 120.95099221326375
南汇惠南镇,太湖片-苏沪嘉小片,31.05000952690444, 121.74745427694488
平湖城关,太湖片-苏沪嘉小片,30.692613873607865, 121.01118052674214
青浦商榻,太湖片-苏沪嘉小片,31.11800487430921, 120.91982736628509
德清乾元,太湖片-苕溪小片,30.41128187027115, 120.3066753297041
临平五杭,太湖片-苕溪小片,30.494257613, 120.253757428
湖州市区,太湖片-苕溪小片,30.902792630239233, 120.085631081529
安吉安城,太湖片-苕溪小片,30.71501207030173, 119.69403152449726
高桥,太湖片-苏沪嘉小片,31.339124303388612, 121.58040748222272
江湾,太湖片-苏沪嘉小片,31.305220787427928, 121.47329399018194
真如,太湖片-苏沪嘉小片,31.25725388552751, 121.40120261716866
奉城,太湖片-苏沪嘉小片,30.9091313735184, 121.65717119383979
泗泾,太湖片-苏沪嘉小片,31.118775274975683, 121.27114807482758
临安城区,太湖片-临绍小片,30.23315912669765, 119.72499020110224
於潜,太湖片-临绍小片,30.187905243932583, 119.39323745469882
彭埠镇,太湖片-杭州小片,30.289632692039433, 120.22871521662924
海门四甲,太湖片-毗陵小片,32.01135207980153, 121.27357135188069
岱山岱西镇,太湖片-甬江小片,30.291651438527133, 122.12280037007493
三林,太湖片-苏沪嘉小片,31.14556367853321, 121.50266996292858
周浦,太湖片-苏沪嘉小片,31.115354843880898, 121.57500604757446
堡镇,太湖片-苏沪嘉小片,31.537177470152166, 121.61845579374194
太仓城厢,太湖片-苏沪嘉小片,31.457113404346295, 121.11208518322822
练塘,太湖片-苏沪嘉小片,30.999904855821395, 121.05239704753826
长兴,太湖片-苕溪小片,31.015985667983664, 119.92556298117789
